"Instituto Nacional de Estadística y Geografía",
"Índices de Precios al Consumidor",
"",
"Fecha de consulta: 28/08/2021 14:19:53",

"Título","Índice nacional de precios al consumidor. Base segunda quincena de Julio 2018 (quincenal), Resumen, Principales índices, Precios al Consumidor (INPC)","Índice nacional de precios al consumidor. Base segunda quincena de Julio 2018 (quincenal), Resumen, Principales índices, Subyacente","Índice nacional de precios al consumidor. Base segunda quincena de Julio 2018 (quincenal), Resumen, Subíndices subyacente y complementarios, Precios al Consumidor (INPC)","Índice nacional de precios al consumidor. Base segunda quincena de Julio 2018 (quincenal), Resumen, Subíndices subyacente y complementarios, Subyacente","Índice nacional de precios al consumidor. Base segunda quincena de Julio 2018 (quincenal), Resumen, Subíndices subyacente y complementarios, No subyacente"
"Periodo disponible","1Q Ene 1988-1Q Ago 2021","1Q Ene 1988-1Q Ago 2021","1Q Ene 1988-1Q Ago 2021","1Q Ene 1988-1Q Ago 2021","1Q Ene 1988-1Q Ago 2021"
"Periodicidad","Quincenal","Quincenal","Quincenal","Quincenal","Quincenal"
"Cifra","Índices","Índices","Índices","Índices","Índices"
"Unidad","Sin Unidad","Sin Unidad","Sin Unidad","Sin Unidad","Sin Unidad"
"Base","Índice base segunda quincena de julio 2018 = 100","Índice base segunda quincena de julio 2018 = 100","Índice base segunda quincena de julio 2018 = 100","Índice base segunda quincena de julio 2018 = 100","Índice base segunda quincena de julio 2018 = 100"
"Aviso","Las desagregaciones del INPC solo tienen valor informativo.
  SP8664","Las desagregaciones del INPC solo tienen valor informativo.
  ","Las desagregaciones del INPC solo tienen valor informativo.
  ","Las desagregaciones del INPC solo tienen valor informativo.
  SP74632","Las desagregaciones del INPC solo tienen valor informativo.
  SP74637"
"Tipo de información","Índices","Índices","Índices","Índices","Índices"
"Fecha","539366","539367","539368","539369","539377"
"1Q Ene 2000","44.809270260844","48.801160155926","44.809270260844","48.801160155926","33.976642346637"
"2Q Ene 2000","45.052246335988","49.137179295129","45.052246335988","49.137179295129","34.017754186501"
"1Q Feb 2000","45.272547144596","49.413209412912","45.272547144596","49.413209412912","34.112553778683"
"2Q Feb 2000","45.386070086828","49.602727066041","45.386070086828","49.602727066041","34.066643542746"
"1Q Mar 2000","45.530449419862","49.756947765474","45.530449419862","49.756947765474","34.181998696212"
"2Q Mar 2000","45.631055697244","49.899393593517","45.631055697244","49.899393593517","34.191840483913"
"1Q Abr 2000","45.786342677910","50.047320297481","45.786342677910","50.047320297481","34.352735346864"
"2Q Abr 2000","45.893694031150","50.132646054884","45.893694031150","50.132646054884","34.497414577080"
"1Q May 2000","45.966314460384","50.265758348758","45.966314460384","50.265758348758","34.444203028925"
"2Q May 2000","46.056443593823","50.352435079474","46.056443593823","50.352435079474","34.535498955233"
"1Q Jun 2000","46.229957302899","50.445609743296","46.229957302899","50.445609743296","34.859014597188"
"2Q Jun 2000","46.337883179113","50.510342664296","46.337883179113","50.510342664296","35.046822715602"
"1Q Jul 2000","46.433753397856","50.593321326922","46.433753397856","50.593321326922","35.162548961094"
"2Q Jul 2000","46.495035675767","50.698213869648","46.495035675767","50.698213869648","35.132203984469"
"1Q Ago 2000","46.615878216832","50.810909369179","46.615878216832","50.810909369179","35.261842652460"
"2Q Ago 2000","46.823692346224","50.904027579343","46.823692346224","50.904027579343","35.686531632631"
"1Q Sep 2000","47.034233517038","51.189888842478","47.034233517038","51.189888842478","35.732637427914"
"2Q Sep 2000","47.087909711713","51.308528381604","47.087909711713","51.308528381604","35.652854971272"
"1Q Oct 2000","47.295149836186","51.457219663032","47.295149836186","51.457219663032","35.964406489942"
"2Q Oct 2000","47.475121618660","51.577105386011","47.475121618660","51.577105386011","36.253054363100"
"1Q Nov 2000","47.732162886547","51.771018650288","47.732162886547","51.771018650288","36.620428623619"
"2Q Nov 2000","47.848556371432","51.918286008712","47.848556371432","51.918286008712","36.667647080743"
"1Q Dic 2000","48.192856748162","52.091192187156","48.192856748162","52.091192187156","37.333701856208"
"2Q Dic 2000","48.422485654764","52.182187612841","48.422485654764","52.182187612841","37.826406464252"
"1Q Ene 2001","48.559689408251","52.425807691683","48.559689408251","52.425807691683","37.741856104234"
"2Q Ene 2001","48.591263305200","52.622638546710","48.591263305200","52.622638546710","37.440411025160"
"1Q Feb 2001","48.527540988326","52.841114350849","48.527540988326","52.841114350849","36.814946728518"
"2Q Feb 2001","48.559115403331","52.999579338130","48.559115403331","52.999579338130","36.590351497549"
"1Q Mar 2001","48.723873983222","53.171051174249","48.723873983222","53.171051174249","36.731479668877"
"2Q Mar 2001","48.977757705998","53.303234328982","48.977757705998","53.303234328982","37.212966263631"
"1Q Abr 2001","49.050665137691","53.444612575482","49.050665137691","53.444612575482","37.144085671397"
"2Q Abr 2001","49.143808315012","53.542581699905","49.143808315012","53.542581699905","37.221714845648"
"1Q May 2001","49.155433468794","53.642987567165","49.155433468794","53.642987567165","37.054758937569"
"2Q May 2001","49.264507354847","53.730076022094","49.264507354847","53.730076022094","37.201057890982"
"1Q Jun 2001","49.317178522857","53.821239377196","49.317178522857","53.821239377196","37.172980184345"
"2Q Jun 2001","49.335548752497","53.896462740613","49.335548752497","53.896462740613","37.076570867737"
"1Q Jul 2001","49.159021517595","53.938912197765","49.159021517595","53.938912197765","36.472217997840"
"2Q Jul 2001","49.237526015307","53.944931766327","49.237526015307","53.944931766327","36.690961174457"
"1Q Ago 2001","49.407451675581","54.112006393605","49.407451675581","54.112006393605","36.856099834185"
"2Q Ago 2001","49.571779751783","54.131559965309","49.571779751783","54.131559965309","37.299933431074"
"1Q Sep 2001","49.905890505084","54.473819367720","49.905890505084","54.473819367720","37.596837466144"
"2Q Sep 2001","49.994871628684","54.588991522734","49.994871628684","54.588991522734","37.627597964432"
"1Q Oct 2001","50.119445719780","54.637761137990","50.119445719780","54.637761137990","37.896083706402"
"2Q Oct 2001","50.232825160783","54.699945384311","50.232825160783","54.699945384311","38.104769829069"
"1Q Nov 2001","50.372324933947","54.765913133851","50.372324933947","54.765913133851","38.382934021586"
"2Q Nov 2001","50.357829237513","54.833101355517","50.357829237513","54.833101355517","38.205613067139"
"1Q Dic 2001","50.435903231535","54.912651742252","50.435903231535","54.912651742252","38.275823209628"
"2Q Dic 2001","50.433750713087","54.948867489710","50.433750713087","54.948867489710","38.197022648651"
"1Q Ene 2002","50.801013876867","55.123017494027","50.801013876867","55.123017494027","38.927733194728"
"2Q Ene 2002","51.000073913184","55.286512573047","51.000073913184","55.286512573047","39.185679185821"
"1Q Feb 2002","50.867032213417","55.524174287597","50.867032213417","55.524174287597","38.318266412572"
"2Q Feb 2002","50.868467225716","55.666458415148","50.868467225716","55.666458415148","38.037431472339"
"1Q Mar 2002","51.015717101401","55.778819660462","51.015717101401","55.778819660462","38.245013954290"
"2Q Mar 2002","51.240323464960","55.864496449602","51.240323464960","55.864496449602","38.733815932347"
"1Q Abr 2002","51.471352674177","55.996266742112","51.471352674177","55.996266742112","39.148902533664"
"2Q Abr 2002","51.343225762019","56.045156994711","51.343225762019","56.045156994711","38.674455136890"
"1Q May 2002","51.483586542563","56.097507112689","51.483586542563","56.097507112689","38.982242515977"
"2Q May 2002","51.539271754455","56.151128515806","51.539271754455","56.151128515806","39.038874793141"
"1Q Jun 2002","51.719817541848","56.187094171467","51.719817541848","56.187094171467","39.497343165702"
"2Q Jun 2002","51.805498137162","56.203488171465","51.805498137162","56.203488171465","39.716483206064"
"1Q Jul 2002","51.872845284740","56.246023702689","51.872845284740","56.246023702689","39.847959547871"
"2Q Jul 2002","51.950035476965","56.295633054038","51.950035476965","56.295633054038","39.997810341737"
"1Q Ago 2002","52.078513112344","56.421078230303","52.078513112344","56.421078230303","40.133652684294"
"2Q Ago 2002","52.139125545165","56.499747092490","52.139125545165","56.499747092490","40.145760759100"
"1Q Sep 2002","52.396598870907","56.797219837916","52.396598870907","56.797219837916","40.296355026096"
"2Q Sep 2002","52.446850204100","56.867213075112","52.446850204100","56.867213075112","40.293141344029"
"1Q Oct 2002","52.624543062710","56.932380165812","52.624543062710","56.932380165812","40.766050646417"
"2Q Oct 2002","52.682047165642","56.997114974757","52.682047165642","56.997114974757","40.805221349652"
"1Q Nov 2002","53.003241254093","57.042813155449","53.003241254093","57.042813155449","41.852979707630"
"2Q Nov 2002","53.153995253672","57.106300600007","53.153995253672","57.106300600007","42.233392425295"
"1Q Dic 2002","53.274184009351","57.158327707154","53.274184009351","57.158327707154","42.532578843073"
"2Q Dic 2002","53.345675596779","57.228339732601","53.345675596779","57.228339732601","42.606993259569"
"1Q Ene 2003","53.514561520707","57.370785787683","53.514561520707","57.370785787683","42.844191627591"
"2Q Ene 2003","53.536319829924","57.524842141307","53.536319829924","57.524842141307","42.515738282107"
"1Q Feb 2003","53.616100297056","57.673622410225","53.616100297056","57.673622410225","42.412306764961"
"2Q Feb 2003","53.732144612883","57.792154043450","53.732144612883","57.792154043450","42.520017962749"
"1Q Mar 2003","53.944029100264","57.913556322793","53.944029100264","57.913556322793","42.970764205843"
"2Q Mar 2003","54.081831725309","58.021371620846","54.081831725309","58.021371620846","43.186311355960"
"1Q Abr 2003","54.088048385085","58.131992145599","54.088048385085","58.131992145599","42.915386832949"
"2Q Abr 2003","54.122240013856","58.195622368874","54.122240013856","58.195622368874","42.872864647340"
"1Q May 2003","53.898958316884","58.274381303012","53.898958316884","58.274381303012","41.852238438111"
"2Q May 2003","53.961642969631","58.361823949823","53.961642969631","58.361823949823","41.848658019135"
"1Q Jun 2003","53.950763815022","58.377052235741","53.950763815022","58.377052235741","41.768518634637"
"2Q Jun 2003","53.999460983270","58.386121481465","53.999460983270","58.386121481465","41.921856505152"
"1Q Jul 2003","54.045567876613","58.431016585320","54.045567876613","58.431016585320","41.969435629967"
"2Q Jul 2003","54.061627581036","58.490604648962","54.061627581036","58.490604648962","41.870425049758"
"1Q Ago 2003","54.159539972515","58.651233090210","54.159539972515","58.651233090210","41.802573580842"
"2Q Ago 2003","54.270921793509","58.689040299795","54.270921793509","58.689040299795","42.107089715914"
"1Q Sep 2003","54.527877064270","58.925216678310","54.527877064270","58.925216678310","42.416198369603"
"2Q Sep 2003","54.548081208543","58.977503534004","54.548081208543","58.977503534004","42.352777928793"
"1Q Oct 2003","54.701943538011","59.055923822749","54.701943538011","59.055923822749","42.704740175879"
"2Q Oct 2003","54.774471235403","59.099854770549","54.774471235403","59.099854770549","42.850780385765"
"1Q Nov 2003","55.150579151878","59.192902423434","55.150579151878","59.192902423434","43.974365683780"
"2Q Nov 2003","55.234504058861","59.273297985429","55.234504058861","59.273297985429","44.066059811971"
"1Q Dic 2003","55.357801144427","59.355692552777","55.357801144427","59.355692552777","44.295693622107"
"2Q Dic 2003","55.502338484230","59.453229315224","55.502338484230","59.453229315224","44.564692817252"
"1Q Ene 2004","55.685211892654","59.564947999354","55.685211892654","59.564947999354","44.933727523254"
"2Q Ene 2004","55.863422806246","59.701245947066","55.863422806246","59.701245947066","45.220402395664"
"1Q Feb 2004","56.042151774819","59.844119545767","56.042151774819","59.844119545767","45.493799856535"
"2Q Feb 2004","56.173737740087","59.959578307671","56.173737740087","59.959578307671","45.665974885988"
"1Q Mar 2004","56.277348736362","60.065306437030","56.277348736362","60.065306437030","45.763527699467"
"2Q Mar 2004","56.319311189853","60.177735893562","56.319311189853","60.177735893562","45.618168585859"
"1Q Abr 2004","56.317757024909","60.283481090354","56.317757024909","60.283481090354","45.332697208179"
"2Q Abr 2004","56.447788825233","60.355616368945","56.447788825233","60.355616368945","45.616189953802"
"1Q May 2004","56.236940447815","60.420267268409","56.236940447815","60.420267268409","44.676391940961"
"2Q May 2004","56.246783492460","60.497217998954","56.246783492460","60.497217998954","44.508805347259"
"1Q Jun 2004","56.298588990598","60.590508264825","56.298588990598","60.590508264825","44.451567698093"
"2Q Jun 2004","56.364900028214","60.648600465019","56.364900028214","60.648600465019","44.538571383176"
"1Q Jul 2004","56.448824935196","60.699930722686","56.448824935196","60.699930722686","44.708221017303"
"2Q Jul 2004","56.510473477979","60.750344168591","56.510473477979","60.750344168591","44.798572170014"
"1Q Ago 2004","56.725466295248","60.849712478846","56.725466295248","60.849712478846","45.317636802625"
"2Q Ago 2004","56.930616067871","60.938080097660","56.930616067871","60.938080097660","45.829691339775"
"1Q Sep 2004","57.245075441564","61.206791063542","57.245075441564","61.206791063542","46.263502860539"
"2Q Sep 2004","57.350758657763","61.278115259377","57.350758657763","61.278115259377","46.458008410929"
"1Q Oct 2004","57.646049997145","61.380550769381","57.646049997145","61.380550769381","47.261195516797"
"2Q Oct 2004","57.743444333643","61.456142669682","57.743444333643","61.456142669682","47.415519017676"
"1Q Nov 2004","58.113335590343","61.535063177798","58.113335590343","61.535063177798","48.551678879665"
"2Q Nov 2004","58.260981260034","61.593361272143","58.260981260034","61.593361272143","48.936249052174"
"1Q Dic 2004","58.349050606867","61.702304163572","58.349050606867","61.702304163572","48.967264366178"
"2Q Dic 2004","58.265643754866","61.769553839672","58.265643754866","61.769553839672","48.485789842116"
"1Q Ene 2005","58.314340923115","61.917588179016","58.314340923115","61.917588179016","48.270829861310"
"2Q Ene 2005","58.303979823488","62.016831076054","58.303979823488","62.016831076054","47.970762296827"
"1Q Feb 2005","58.403446379911","62.155883013631","58.403446379911","62.155883013631","47.965247420694"
"2Q Feb 2005","58.603415602720","62.259725930456","58.603415602720","62.259725930456","48.417045790039"
"1Q Mar 2005","58.721532138473","62.358502284792","58.721532138473","62.358502284792","48.585351731098"
"2Q Mar 2005","58.812709815195","62.411870002927","58.812709815195","62.411870002927","48.776501621389"
"1Q Abr 2005","58.859334763518","62.473710279065","58.859334763518","62.473710279065","48.781712210193"
"2Q Abr 2005","59.094013670079","62.533861068072","59.094013670079","62.533861068072","49.476483867170"
"1Q May 2005","58.845865334002","62.590286277753","58.845865334002","62.590286277753","48.424792040381"
"2Q May 2005","58.810119540288","62.659297881883","58.810119540288","62.659297881883","48.113161308851"
"1Q Jun 2005","58.724640468361","62.730803578729","58.724640468361","62.730803578729","47.612331960016"
"2Q Jun 2005","58.818926474971","62.822818428186","58.818926474971","62.822818428186","47.711947095911"
"1Q Jul 2005","58.983667959047","62.884490909838","58.983667959047","62.884490909838","48.147124351505"
"2Q Jul 2005","59.020449862725","62.927404281569","59.020449862725","62.927404281569","48.167626746722"
"1Q Ago 2005","59.062930371197","62.990291777012","59.062930371197","62.990291777012","48.155937780374"
"2Q Ago 2005","59.081062295545","62.995269078210","59.081062295545","62.995269078210","48.208934608613"
"1Q Sep 2005","59.291392617982","63.259574548096","59.291392617982","63.259574548096","48.274810214260"
"2Q Sep 2005","59.326620356715","63.331602319389","59.326620356715","63.331602319389","48.211856208300"
"1Q Oct 2005","59.438002177710","63.411275495209","59.438002177710","63.411275495209","48.405479884293"
"2Q Oct 2005","59.471157696518","63.482058077627","59.471157696518","63.482058077627","48.339124564175"
"1Q Nov 2005","59.869023922211","63.548944358947","59.869023922211","63.548944358947","49.610333258386"
"2Q Nov 2005","59.896480836224","63.605567279939","59.896480836224","63.605567279939","49.559130027046"
"1Q Dic 2005","60.145147227282","63.726690955211","60.145147227282","63.726690955211","50.144489965822"
"2Q Dic 2005","60.354959494738","63.787093812677","60.354959494738","63.787093812677","50.747759302204"
"1Q Ene 2006","60.547675947808","63.855064631206","60.547675947808","63.855064631206","51.268143781549"
"2Q Ene 2006","60.659575823784","63.936377336836","60.659575823784","63.936377336836","51.460260007882"
"1Q Feb 2006","60.702056332257","64.066668817390","60.702056332257","64.066668817390","51.269064370859"
"2Q Feb 2006","60.690659122667","64.142452987795","60.690659122667","64.142452987795","51.027256781965"
"1Q Mar 2006","60.715525761773","64.274986742687","60.715525761773","64.274986742687","50.767940755873"
"2Q Mar 2006","60.829497857674","64.442470738939","60.829497857674","64.442470738939","50.738274846581"
"1Q Abr 2006","60.845039507115","64.571328601465","60.845039507115","64.571328601465","50.454285074142"
"2Q Abr 2006","60.877676970942","64.582988313109","60.877676970942","64.582988313109","50.542924319496"
"1Q May 2006","60.579795356653","64.620328065550","60.579795356653","64.620328065550","49.360967810951"
"2Q May 2006","60.601553665871","64.708597775378","60.601553665871","64.708597775378","49.206288060499"
"1Q Jun 2006","60.646106394269","64.820265026115","60.646106394269","64.820265026115","49.071980628209"
"2Q Jun 2006","60.640407789474","64.899354334540","60.640407789474","64.899354334540","48.841372657643"
"1Q Jul 2006","60.777174304556","65.001173701000","60.777174304556","65.001173701000","49.070513066656"
"2Q Jul 2006","60.841413122246","65.053864740528","60.841413122246","65.053864740528","49.163947750605"
"1Q Ago 2006","61.021696255763","65.136570162859","61.021696255763","65.136570162859","49.600655770121"
"2Q Ago 2006","61.217521038722","65.145075255324","61.217521038722","65.145075255324","50.290544825465"
"1Q Sep 2006","61.584822020514","65.451579110665","61.584822020514","65.451579110665","50.816040837509"
"2Q Sep 2006","61.888402239597","65.542737050775","61.888402239597","65.542737050775","51.678670203089"
"1Q Oct 2006","62.062986768320","65.616416207973","62.062986768320","65.616416207973","52.119372433673"
"2Q Oct 2006","61.950568837363","65.680567638408","61.950568837363","65.680567638408","51.540443411614"
"1Q Nov 2006","62.267618485961","65.766750399648","62.267618485961","65.766750399648","52.466097500677"
"2Q Nov 2006","62.396614176324","65.874225285809","62.396614176324","65.874225285809","52.650118870948"
"1Q Dic 2006","62.637509742661","66.058602525281","62.637509742661","66.058602525281","53.039834493667"
"2Q Dic 2006","62.747337398712","66.103342592764","62.747337398712","66.103342592764","53.320064104575"
"1Q Ene 2007","62.954559391261","66.316512970924","62.954559391261","66.316512970924","53.510701391895"
"2Q Ene 2007","63.077856476827","66.458991693484","63.077856476827","66.458991693484","53.582031193556"
"1Q Feb 2007","63.166961933623","66.600846000775","63.166961933623","66.600846000775","53.530038987093"
"2Q Feb 2007","63.218249376779","66.679705643731","63.218249376779","66.679705643731","53.507414498406"
"1Q Mar 2007","63.269536819934","66.772777269102","63.269536819934","66.772777269102","53.448216441881"
"2Q Mar 2007","63.389207520631","66.900534983429","63.389207520631","66.900534983429","53.545320808294"
"1Q Abr 2007","63.256585445400","66.927745451930","63.256585445400","66.927745451930","52.991781314611"
"2Q Abr 2007","63.326004812904","67.004212340655","63.326004812904","67.004212340655","53.041278832310"
"1Q May 2007","63.001702394565","67.069766022242","63.001702394565","67.069766022242","51.688077341255"
"2Q May 2007","62.963366325944","67.127095006798","62.963366325944","67.127095006798","51.396247148749"
"1Q Jun 2007","63.015171824081","67.234147112500","63.015171824081","67.234147112500","51.302434078924"
"2Q Jun 2007","63.101687005970","67.346206946640","63.101687005970","67.346206946640","51.319866900170"
"1Q Jul 2007","63.256585445400","67.462544273269","63.256585445400","67.462544273269","51.575382539089"
"2Q Jul 2007","63.395424180407","67.526567587798","63.395424180407","67.526567587798","51.911621642912"
"1Q Ago 2007","63.524937925750","67.642917566082","63.524937925750","67.642917566082","52.073773845986"
"2Q Ago 2007","63.643572516485","67.711479070733","63.643572516485","67.711479070733","52.325640299093"
"1Q Sep 2007","64.039884577234","67.961996165245","64.039884577234","67.961996165245","53.103438936294"
"2Q Sep 2007","64.115520604514","68.039827675727","64.115520604514","68.039827675727","53.173150904408"
"1Q Oct 2007","64.320152322156","68.165866774170","64.320152322156","68.165866774170","53.583874376926"
"2Q Oct 2007","64.334139806653","68.281636361697","64.334139806653","68.281636361697","53.327774186626"
"1Q Nov 2007","64.748065736769","68.364538761813","64.748065736769","68.364538761813","54.614116385088"
"2Q Nov 2007","64.814376774385","68.392418636177","64.814376774385","68.392418636177","54.782107589426"
"1Q Dic 2007","64.941818299802","68.598755000203","64.941818299802","68.598755000203","54.698251421218"
"2Q Dic 2007","65.156811117071","68.680887265999","65.156811117071","68.680887265999","55.263460833039"
"1Q Ene 2008","65.335022030663","68.847670894731","65.335022030663","68.847670894731","55.471438954720"
"2Q Ene 2008","65.366105329546","69.027352915357","65.366105329546","69.027352915357","55.109166720142"
"1Q Feb 2008","65.448476071583","69.141049440496","65.448476071583","69.141049440496","55.106419624185"
"2Q Feb 2008","65.641192524654","69.326715694476","65.641192524654","69.326715694476","55.317661763951"
"1Q Mar 2008","65.954615788383","69.545032471060","65.954615788383","69.545032471060","55.880038077938"
"2Q Mar 2008","66.084647588708","69.597918683616","66.084647588708","69.597918683616","56.213116457495"
"1Q Abr 2008","66.123501712311","69.764544225493","66.123501712311","69.764544225493","55.912823956842"
"2Q Abr 2008","66.216751608958","69.925547771904","66.216751608958","69.925547771904","55.826052890874"
"1Q May 2008","66.041649025254","70.101522921091","66.041649025254","70.101522921091","54.724054653463"
"2Q May 2008","66.155621121156","70.254601235411","66.155621121156","70.254601235411","54.733444208435"
"1Q Jun 2008","66.344193134375","70.433492795168","66.344193134375","70.433492795168","54.945972852573"
"2Q Jun 2008","66.400661127345","70.581863537418","66.400661127345","70.581863537418","54.757122847201"
"1Q Jul 2008","66.655026123198","70.745626970028","66.655026123198","70.745626970028","55.249918580497"
"2Q Jul 2008","66.829610651920","70.835666970246","66.829610651920","70.835666970246","55.646586033005"
"1Q Ago 2008","67.035796534506","70.995684887234","67.035796534506","70.995684887234","55.972378120153"
"2Q Ago 2008","67.219706052893","71.170402600352","67.219706052893","71.170402600352","56.179701185013"
"1Q Sep 2008","67.513961282312","71.455703442428","67.513961282312","71.455703442428","56.495174589815"
"2Q Sep 2008","67.655908347208","71.540230727297","67.655908347208","71.540230727297","56.787727122035"
"1Q Oct 2008","67.985391315360","71.639475218107","67.985391315360","71.639475218107","57.723864596242"
"2Q Oct 2008","68.105062016057","71.765833793917","68.105062016057","71.765833793917","57.825470972179"
"1Q Nov 2008","68.747968247939","71.980978411619","68.747968247939","71.980978411619","59.593891046440"
"2Q Nov 2008","68.889915312835","72.077232277937","68.889915312835","72.077232277937","59.856393993660"
"1Q Dic 2008","69.202820521583","72.376898930763","69.202820521583","72.376898930763","60.199820397664"
"2Q Dic 2008","69.388284204915","72.504395320531","69.388284204915","72.504395320531","60.538707693434"
"1Q Ene 2009","69.491895201189","72.700688945268","69.491895201189","72.700688945268","60.394963320262"
"2Q Ene 2009","69.420403613760","72.816948741669","69.420403613760","72.816948741669","59.828456779250"
"1Q Feb 2009","69.539038204494","73.017526172552","69.539038204494","73.017526172552","59.729421087824"
"2Q Feb 2009","69.679949159427","73.177021468725","69.679949159427","73.177021468725","59.819021392148"
"1Q Mar 2009","69.895460031678","73.374195270143","69.895460031678","73.374195270143","60.082083014710"
"2Q Mar 2009","70.124440333444","73.573502608009","70.124440333444","73.573502608009","60.387344980592"
"1Q Abr 2009","70.224424944849","73.742738378958","70.224424944849","73.742738378958","60.302827412407"
"2Q Abr 2009","70.285555432651","73.826864046995","70.285555432651","73.826864046995","60.301912670279"
"1Q May 2009","70.044659866313","73.889956246014","70.044659866313","73.889956246014","59.259146835428"
"2Q May 2009","70.056575130884","73.973168583437","70.056575130884","73.973168583437","59.082213747489"
"1Q Jun 2009","70.150861137494","74.077623642183","70.150861137494","74.077623642183","59.148181785624"
"2Q Jun 2009","70.207847185445","74.158163926959","70.207847185445","74.158163926959","59.142500164334"
"1Q Jul 2009","70.348758140378","74.312521188949","70.348758140378","74.312521188949","59.247046181533"
"2Q Jul 2009","70.391756703831","74.377178384114","70.391756703831","74.377178384114","59.233262496215"
"1Q Ago 2009","70.469464951037","74.439077022241","70.469464951037","74.439077022241","59.350425694562"
"2Q Ago 2009","70.608303686045","74.479349167721","70.608303686045","74.479349167721","59.748921571815"
"1Q Sep 2009","70.886499211041","74.703906156264","70.886499211041","74.703906156264","60.167418134264"
"2Q Sep 2009","70.898932530595","74.803286610448","70.898932530595","74.803286610448","59.949591182583"
"1Q Oct 2009","71.144490591765","74.969399416917","71.144490591765","74.969399416917","60.402434962394"
"2Q Oct 2009","71.069890674447","75.020698451588","71.069890674447","75.020698451588","59.996001285019"
"1Q Nov 2009","71.443408316016","75.085323683692","71.443408316016","75.085323683692","61.183277896028"
"2Q Nov 2009","71.509201298650","75.120480351721","71.509201298650","75.120480351721","61.329759169748"
"1Q Dic 2009","71.691038597111","75.381145755516","71.691038597111","75.381145755516","61.302544765995"
"2Q Dic 2009","71.852153696318","75.523353482134","71.852153696318","75.523353482134","61.510854493971"
"1Q Ene 2010","72.389894766982","75.894528868633","72.389894766982","75.894528868633","62.485362454324"
"2Q Ene 2010","72.714197185321","76.143915030204","72.714197185321","76.143915030204","63.004719253445"
"1Q Feb 2010","72.846819260552","76.270213294345","72.846819260552","76.270213294345","63.153267015100"
"2Q Feb 2010","73.096521761573","76.396346683638","73.096521761573","76.396346683638","63.728199274243"
"1Q Mar 2010","73.430667224558","76.526244370179","73.430667224558","76.526244370179","64.599088027028"
"2Q Mar 2010","73.548783760310","76.676032868050","73.548783760310","76.676032868050","64.632506643813"
"1Q Abr 2010","73.322393733451","76.653564869931","73.322393733451","76.653564869931","63.867831064331"
"2Q Abr 2010","73.188735548257","76.713812148641","73.188735548257","76.713812148641","63.223316986086"
"1Q May 2010","72.795013762414","76.837080827248","72.795013762414","76.837080827248","61.465304700162"
"2Q May 2010","72.792423487508","76.887918760775","72.792423487508","76.887918760775","61.321594295996"
"1Q Jun 2010","72.760822133644","76.910773260780","72.760822133644","76.910773260780","61.145301245504"
"2Q Jun 2010","72.781544332899","77.025880994641","72.781544332899","77.025880994641","60.915668810426"
"1Q Jul 2010","72.889299769024","77.133637814732","72.889299769024","77.133637814732","61.022167812003"
"2Q Jul 2010","72.969598291137","77.123772776159","72.969598291137","77.123772776159","61.340730164919"
"1Q Ago 2010","73.084606497001","77.190904069327","73.084606497001","77.190904069327","61.581452139430"
"2Q Ago 2010","73.178374448630","77.215896455970","73.178374448630","77.215896455970","61.857539010894"
"1Q Sep 2010","73.473147733030","77.471396915862","73.473147733030","77.471396915862","62.252655109711"
"2Q Sep 2010","73.557072640012","77.494218832880","73.557072640012","77.494218832880","62.497859228628"
"1Q Oct 2010","73.911940302251","77.586269630648","73.911940302251","77.586269630648","63.544178019161"
"2Q Oct 2010","74.025912398153","77.675620199812","74.025912398153","77.675620199812","63.722875346393"
"1Q Nov 2010","74.530497950010","77.818885060181","74.530497950010","77.818885060181","65.179918898624"
"2Q Nov 2010","74.593182602756","77.811005785913","74.593182602756","77.811005785913","65.427892694968"
"1Q Dic 2010","74.737201887577","78.048499301745","74.737201887577","78.048499301745","65.323963212929"
"2Q Dic 2010","75.124707013643","78.253147071566","75.124707013643","78.253147071566","66.191641921525"
"1Q Ene 2011","75.255424003846","78.416268227871","75.255424003846","78.416268227871","66.232878263782"
"2Q Ene 2011","75.336558687421","78.599955531428","75.336558687421","78.599955531428","66.026094143025"
"1Q Feb 2011","75.491315583869","78.774998436449","75.491315583869","78.774998436449","66.124826056544"
"2Q Feb 2011","75.665604904141","78.873174578408","75.665604904141","78.873174578408","66.510161672213"
"1Q Mar 2011","75.702416010578","79.061273698536","75.702416010578","79.061273698536","66.124895166708"
"2Q Mar 2011","75.743734599435","79.057451179574","75.743734599435","79.057451179574","66.292059584850"
"1Q Abr 2011","75.675371116053","79.097886064502","75.675371116053","79.097886064502","65.919836918615"
"2Q Abr 2011","75.760262034978","79.140086613062","75.760262034978","79.140086613062","66.123283302595"
"1Q May 2011","75.192319249955","79.196316327061","75.192319249955","79.196316327061","63.815179955087"
"2Q May 2011","75.125458260713","79.323395856181","75.125458260713","79.323395856181","63.207878550533"
"1Q Jun 2011","75.084139671855","79.355358235157","75.084139671855","79.355358235157","62.962945908816"
"2Q Jun 2011","75.226125368111","79.471092338955","75.226125368111","79.471092338955","63.176561843682"
"1Q Jul 2011","75.463519442274","79.584593646412","75.463519442274","79.584593646412","63.758068766633"
"2Q Jul 2011","75.569445279163","79.598679360783","75.569445279163","79.598679360783","64.120989690350"
"1Q Ago 2011","75.634052527195","79.668658366041","75.634052527195","79.668658366041","64.170683893712"
"2Q Ago 2011","75.637057515476","79.705373102148","75.637057515476","79.705373102148","64.078031453083"
"1Q Sep 2011","75.797073141415","79.878459692421","75.797073141415","79.878459692421","64.202128494929"
"2Q Sep 2011","75.844401706833","79.919457378991","75.844401706833","79.919457378991","64.268107725025"
"1Q Oct 2011","76.309423643248","80.082251265845","76.309423643248","80.082251265845","65.574611359003"
"2Q Oct 2011","76.356752208666","80.129896155507","76.356752208666","80.129896155507","65.619657801385"
"1Q Nov 2011","77.094476831540","80.329609872768","77.094476831540","80.329609872768","67.858471223291"
"2Q Nov 2011","77.222188833464","80.399559764176","77.222188833464","80.399559764176","68.147754348676"
"1Q Dic 2011","77.612837309934","80.678214141643","77.612837309934","80.678214141643","68.850208129785"
"2Q Dic 2011","77.971933409460","80.864323686150","77.971933409460","80.864323686150","69.689855056137"
"1Q Ene 2012","78.219844942605","81.023321339117","78.219844942605","81.023321339117","70.186249271052"
"2Q Ene 2012","78.466253981609","81.243043030035","78.466253981609","81.243043030035","70.504621404251"
"1Q Feb 2012","78.520343770659","81.454541726491","78.520343770659","81.454541726491","70.120847662716"
"2Q Feb 2012","78.483532664223","81.501810177198","78.483532664223","81.501810177198","69.850006045462"
"1Q Mar 2012","78.521095017729","81.634969890080","78.521095017729","81.634969890080","69.620210790657"
"2Q Mar 2012","78.572931065569","81.719619074247","78.572931065569","81.719619074247","69.580706929438"
"1Q Abr 2012","78.245387342989","81.742474245387","78.245387342989","81.742474245387","68.274805843471"
"2Q Abr 2012","78.355820662299","81.858157955958","78.355820662299","81.858157955958","68.370811667257"
"1Q May 2012","77.981699621371","81.975383262213","77.981699621371","81.975383262213","66.627097405171"
"2Q May 2012","78.125939058838","82.059772175709","78.125939058838","82.059772175709","66.936126210159"
"1Q Jun 2012","78.314502073442","82.143752479677","78.314502073442","82.143752479677","67.415636910923"
"2Q Jun 2012","78.512831299958","82.245529510939","78.512831299958","82.245529510939","67.883698062318"
"1Q Jul 2012","78.818588857503","82.414038218472","78.818588857503","82.414038218472","68.573193490597"
"2Q Jul 2012","78.889206082096","82.487228651033","78.889206082096","82.487228651033","68.634912654287"
"1Q Ago 2012","78.996634413126","82.615959938347","78.996634413126","82.615959938347","68.682296075128"
"2Q Ago 2012","79.184446180660","82.655300215593","79.184446180660","82.655300215593","69.285491830367"
"1Q Sep 2012","79.382024160106","82.753249826820","79.382024160106","82.753249826820","69.759881721918"
"2Q Sep 2012","79.496213714767","82.810603642816","79.496213714767","82.810603642816","70.032286327112"
"1Q Oct 2012","79.853807320151","82.949579314030","79.853807320151","82.949579314030","70.999465452415"
"2Q Oct 2012","79.827513672697","82.991369558490","79.827513672697","82.991369558490","70.784026828489"
"1Q Nov 2012","80.457058717471","83.139318570666","80.457058717471","83.139318570666","72.755832031268"
"2Q Nov 2012","80.309063044654","82.887444728830","80.309063044654","82.887444728830","72.898105127674"
"1Q Dic 2012","80.529178436204","83.101833790803","80.529178436204","83.101833790803","73.133969861490"
"2Q Dic 2012","80.607308131498","83.125639671165","80.607308131498","83.125639671165","73.361266997395"
"1Q Ene 2013","80.731263898071","83.272812080250","80.731263898071","83.272812080250","73.421117708779"
"2Q Ene 2013","81.053548891159","83.660166136496","81.053548891159","83.660166136496","73.561396387404"
"1Q Feb 2013","81.246619388184","83.863600840982","81.246619388184","83.863600840982","73.723814818486"
"2Q Feb 2013","81.336017789531","83.918916863097","81.336017789531","83.918916863097","73.909591992068"
"1Q Mar 2013","81.759721137088","84.133166236396","81.759721137088","84.133166236396","74.916844008145"
"2Q Mar 2013","82.015145140934","84.154141688533","82.015145140934","84.154141688533","75.825456425737"
"1Q Abr 2013","81.938517939780","84.196877134289","81.938517939780","84.196877134289","75.402894794939"
"2Q Abr 2013","81.944527916341","84.225124098525","81.944527916341","84.225124098525","75.345324962877"
"1Q May 2013","81.661307770900","84.345239573882","81.661307770900","84.345239573882","73.894361045388"
"2Q May 2013","81.676332712302","84.409281274903","81.676332712302","84.409281274903","73.768588101465"
"1Q Jun 2013","81.638019111725","84.469024507314","81.638019111725","84.469024507314","73.446731274129"
"2Q Jun 2013","81.599705511148","84.502123344460","81.599705511148","84.502123344460","73.201447774347"
"1Q Jul 2013","81.599705511148","84.531839731893","81.599705511148","84.531839731893","73.115775044909"
"2Q Jul 2013","81.583929322676","84.496692031411","81.583929322676","84.496692031411","73.154518668445"
"1Q Ago 2013","81.796532243524","84.585177924576","81.796532243524","84.585177924576","73.726994432763"
"2Q Ago 2013","81.852124526714","84.596099088174","81.852124526714","84.596099088174","73.912343964454"
"1Q Sep 2013","82.128583448525","84.851273390223","82.128583448525","84.851273390223","74.249586607517"
"2Q Sep 2013","82.136847166296","84.878035369841","82.136847166296","84.878035369841","74.202934393896"
"1Q Oct 2013","82.466644630086","84.993516022103","82.466644630086","84.993516022103","75.155132234485"
"2Q Oct 2013","82.579331690606","85.061849862072","82.579331690606","85.061849862072","75.394054267045"
"1Q Nov 2013","83.281747701184","85.156714577031","83.281747701184","85.156714577031","77.857395673554"
"2Q Nov 2013","83.302031372078","85.128613751408","83.302031372078","85.128613751408","78.017102166411"
"1Q Dic 2013","83.637838812429","85.388071665784","83.637838812429","85.388071665784","78.572958208010"
"2Q Dic 2013","83.903029028187","85.455367017316","83.903029028187","85.455367017316","79.411024999609"
"1Q Ene 2014","84.470220566140","86.045943863440","84.470220566140","86.045943863440","79.909193858778"
"2Q Ene 2014","84.567882685258","86.253854393771","84.567882685258","86.253854393771","79.687907401665"
"1Q Feb 2014","84.668549792656","86.356070056694","84.668549792656","86.356070056694","79.786385699724"
"2Q Feb 2014","84.797013041649","86.429049987898","84.797013041649","86.429049987898","80.074673057243"
"1Q Mar 2014","84.943506220326","86.521993211307","84.943506220326","86.521993211307","80.377115983896"
"2Q Mar 2014","84.986327303324","86.634245542351","84.986327303324","86.634245542351","80.216947061600"
"1Q Abr 2014","84.828565418595","86.861760778138","84.828565418595","86.861760778138","78.944477188451"
"2Q Abr 2014","84.785744335597","86.798412937912","84.785744335597","86.798412937912","78.960633769774"
"1Q May 2014","84.473225554420","86.846742508570","84.473225554420","86.846742508570","77.604319961302"
"2Q May 2014","84.598683815133","86.976366698333","84.598683815133","86.976366698333","77.716958101760"
"1Q Jun 2014","84.667047298516","87.077040837800","84.667047298516","87.077040837800","77.693064970041"
"2Q Jun 2014","84.697097181321","87.115467114219","84.697097181321","87.115467114219","77.697877532125"
"1Q Jul 2014","84.864625277961","87.237577859992","84.864625277961","87.237577859992","77.997008257015"
"2Q Jul 2014","84.965292385360","87.282318066706","84.965292385360","87.282318066706","78.259389462667"
"1Q Ago 2014","85.126059258369","87.410607411390","85.126059258369","87.410607411390","78.515609574912"
"2Q Ago 2014","85.313119778833","87.479824408473","85.313119778833","87.479824408473","79.042539493023"
"1Q Sep 2014","85.589578700643","87.688981433028","85.589578700643","87.688981433028","79.515516032769"
"2Q Sep 2014","85.603101147906","87.713854484031","85.603101147906","87.713854484031","79.494887144320"
"1Q Oct 2014","86.029058236673","87.815397923780","86.029058236673","87.815397923780","80.858391910240"
"2Q Oct 2014","86.110192920248","87.879573588555","86.110192920248","87.879573588555","80.991101602610"
"1Q Nov 2014","86.744996694513","87.989805559659","86.744996694513","87.989805559659","83.141775793079"
"2Q Nov 2014","86.783310295090","87.988681204669","86.783310295090","87.988681204669","83.295268227897"
"1Q Dic 2014","87.143157641685","88.172847671965","87.143157641685","88.172847671965","84.162811818987"
"2Q Dic 2014","87.235561031312","88.214149208071","87.235561031312","88.214149208071","84.404682283505"
"1Q Ene 2015","87.072540417092","88.133213611433","87.072540417092","88.133213611433","84.003600046102"
"2Q Ene 2015","87.146913877036","88.195642839922","87.146913877036","88.195642839922","84.113376975460"
"1Q Feb 2015","87.238566019593","88.441980251883","87.238566019593","88.441980251883","83.756534114156"
"2Q Feb 2015","87.311436985396","88.486372612324","87.311436985396","88.486372612324","83.912116259553"
"1Q Mar 2015","87.468447623054","88.616760723002","87.468447623054","88.616760723002","84.145022211222"
"2Q Mar 2015","87.792235110283","88.775560586993","87.792235110283","88.775560586993","84.948373767332"
"1Q Abr 2015","87.396327904321","88.798422245945","87.396327904321","88.798422245945","83.338691526117"
"2Q Abr 2015","87.412104092794","88.870098295432","87.412104092794","88.870098295432","83.193313061341"
"1Q May 2015","86.948584650520","88.900237131071","86.948584650520","88.900237131071","81.301878850288"
"2Q May 2015","86.985395756957","88.973976195742","86.985395756957","88.973976195742","81.231196889568"
"1Q Jun 2015","87.100336558687","89.085741729374","87.100336558687","89.085741729374","81.356362960917"
"2Q Jun 2015","87.125127712002","89.160145315387","87.125127712002","89.160145315387","81.234875455317"
"1Q Jul 2015","87.207013642647","89.248302124879","87.207013642647","89.248302124879","81.299448090452"
"2Q Jul 2015","87.275377126029","89.305175443076","87.275377126029","89.305175443076","81.401188943762"
"1Q Ago 2015","87.376044233427","89.413789269311","87.376044233427","89.413789269311","81.478077333603"
"2Q Ago 2015","87.473706352545","89.498203703976","87.473706352545","89.498203703976","81.614352354437"
"1Q Sep 2015","87.753921509706","89.741061985009","87.753921509706","89.741061985009","82.003106911120"
"2Q Sep 2015","87.750916521426","89.834461582572","87.750916521426","89.834461582572","81.720248184860"
"1Q Oct 2015","88.156589939299","89.974559972737","88.156589939299","89.974559972737","82.894622420253"
"2Q Oct 2015","88.251998317207","90.052490948707","88.251998317207","90.052490948707","83.041538041417"
"1Q Nov 2015","88.711761524130","90.054342054916","88.711761524130","90.054342054916","84.825933687223"
"2Q Nov 2015","88.659925476291","90.036020641131","88.659925476291","90.036020641131","84.678589805077"
"1Q Dic 2015","88.888304585612","90.280666955241","88.888304585612","90.280666955241","84.858797962672"
"2Q Dic 2015","89.204579602140","90.360706457563","89.204579602140","90.360706457563","85.860040739824"
"1Q Ene 2016","89.228619508384","90.431318048976","89.228619508384","90.431318048976","85.748220636649"
"2Q Ene 2016","89.544143277841","90.558655342084","89.544143277841","90.558655342084","86.609081471185"
"1Q Feb 2016","89.799567281688","90.763380757420","89.799567281688","90.763380757420","87.012134086293"
"2Q Feb 2016","89.755243704550","90.875479812538","89.755243704550","90.875479812538","86.514558559271"
"1Q Mar 2016","89.841637117615","91.148605139167","89.841637117615","91.148605139167","86.061242492482"
"2Q Mar 2016","89.977612837310","91.140894569397","89.977612837310","91.140894569397","86.611001038994"
"1Q Abr 2016","89.667347797344","91.274966310891","89.667347797344","91.274966310891","85.015110698316"
"2Q Abr 2016","89.583959372558","91.416537165719","89.583959372558","91.416537165719","84.280616341604"
"1Q May 2016","89.150489813090","91.492171670057","89.150489813090","91.492171670057","82.375270225097"
"2Q May 2016","89.299987980047","91.589829287022","89.299987980047","91.589829287022","82.673402759111"
"1Q Jun 2016","89.320271650941","91.738776188572","89.320271650941","91.738776188572","82.322474179459"
"2Q Jun 2016","89.327784121642","91.808919543671","89.327784121642","91.808919543671","82.147638863565"
"1Q Jul 2016","89.575695654787","91.914059734384","89.575695654787","91.914059734384","82.809233525937"
"2Q Jul 2016","89.538884548350","91.946987091339","89.538884548350","91.946987091339","82.569681386411"
"1Q Ago 2016","89.819850952581","92.067492364246","89.819850952581","92.067492364246","83.315562129448"
"2Q Ago 2016","89.798816034617","92.141940129795","89.798816034617","92.141940129795","83.018546661139"
"1Q Sep 2016","90.281867900715","92.475303154429","90.281867900715","92.475303154429","83.935776179187"
"2Q Sep 2016","90.433619808883","92.611498657851","90.433619808883","92.611498657851","84.130546196104"
"1Q Oct 2016","90.879860568544","92.764896909384","90.879860568544","92.764896909384","85.423692680354"
"2Q Oct 2016","90.932447863453","92.839400939728","90.932447863453","92.839400939728","85.412993704887"
"1Q Nov 2016","91.634112626961","93.054952557061","91.634112626961","93.054952557061","87.523315454375"
"2Q Nov 2016","91.599555261734","92.965898079269","91.599555261734","92.965898079269","87.645170613572"
"1Q Dic 2016","91.980437526294","93.400481919465","91.980437526294","93.400481919465","87.870206775505"
"2Q Dic 2016","92.098383316305","93.450196641724","92.098383316305","93.450196641724","88.185855889337"
"1Q Ene 2017","93.491946631408","93.792751525163","93.491946631408","93.792751525163","92.621434402266"
"2Q Ene 2017","93.715818258309","94.139522412090","93.715818258309","94.139522412090","92.488905089401"
"1Q Feb 2017","94.028337039486","94.575200461189","94.028337039486","94.575200461189","92.447645359254"
"2Q Feb 2017","94.261223631228","94.793310262091","94.261223631228","94.793310262091","92.720726859638"
"1Q Mar 2017","94.591772342088","95.089350198367","94.591772342088","95.089350198367","93.152748611020"
"2Q Mar 2017","94.852455075425","95.363688463487","94.852455075425","95.363688463487","93.374546101234"
"1Q Abr 2017","94.709718132099","95.615693686253","94.709718132099","95.615693686253","92.087745098132"
"2Q Abr 2017","94.968147124226","95.693963957461","94.968147124226","95.693963957461","92.867577905494"
"1Q May 2017","94.647364625278","95.838898740890","94.647364625278","95.838898740890","91.200498881197"
"2Q May 2017","94.803624015866","95.997310245624","94.803624015866","95.997310245624","91.349194709691"
"1Q Jun 2017","94.947112206262","96.161447165261","94.947112206262","96.161447165261","91.433995147138"
"2Q Jun 2017","94.979415830278","96.258657501245","94.979415830278","96.258657501245","91.279329139010"
"1Q Jul 2017","95.203287457179","96.436880023038","95.203287457179","96.436880023038","91.632404022564"
"2Q Jul 2017","95.442935272552","96.498659733347","95.442935272552","96.498659733347","92.387591081565"
"1Q Ago 2017","95.737424124046","96.690482959089","95.737424124046","96.690482959089","92.979721765625"
"2Q Ago 2017","95.849359937496","96.734870184168","95.849359937496","96.734870184168","93.288359394028"
"1Q Sep 2017","96.176152413006","97.003263848258","96.176152413006","97.003263848258","93.783864753619"
"2Q Sep 2017","96.010126810505","96.967979188179","96.010126810505","96.967979188179","93.239342181040"
"1Q Oct 2017","96.604363242983","97.169275720968","96.604363242983","97.169275720968","94.970339955084"
"2Q Oct 2017","96.791423763447","97.291692474969","96.791423763447","97.291692474969","95.344783805774"
"1Q Nov 2017","97.677144059138","97.563557307025","97.677144059138","97.563557307025","98.007817033838"
"2Q Nov 2017","97.712452671435","97.566926777671","97.712452671435","97.566926777671","98.133605589987"
"1Q Dic 2017","98.137658513132","97.981635207153","98.137658513132","97.981635207153","98.588790213799"
"2Q Dic 2017","98.408107458381","97.966388761817","98.408107458381","97.966388761817","99.687538945374"
"1Q Ene 2018","98.642496544263","98.131934167517","98.642496544263","98.131934167517","100.119801062966"
"2Q Ene 2018","98.947502854739","98.372093852464","98.947502854739","98.372093852464","100.613157839477"
"1Q Feb 2018","99.150339563676","98.664941111204","99.150339563676","98.664941111204","100.555265551588"
"2Q Feb 2018","99.193160646673","98.798434926758","99.193160646673","98.798434926758","100.336177250063"
"1Q Mar 2018","99.485395756957","99.031024391615","99.485395756957","99.031024391615","100.801436584052"
"2Q Mar 2018","99.498166957149","99.083689925018","99.498166957149","99.083689925018","100.698571352583"
"1Q Abr 2018","99.154095799026","99.153601659644","99.154095799026","99.153601659644","99.155012799494"
"2Q Abr 2018","99.156349540237","99.252810979469","99.156349540237","99.252810979469","98.879139324996"
"1Q May 2018","98.867870665304","99.379218794608","98.867870665304","99.379218794608","97.389459120657"
"2Q May 2018","99.121040927940","99.537004437793","99.121040927940","99.537004437793","97.916696723798"
"1Q Jun 2018","99.254011659355","99.616211270444","99.254011659355","99.616211270444","98.207467947303"
"2Q Jun 2018","99.498918204219","99.760442747532","99.498918204219","99.760442747532","98.742288615860"
"1Q Jul 2018","99.818949456097","99.948583892339","99.818949456097","99.948583892339","99.443559711519"
"2Q Jul 2018","100.000000000000","100.000000000000","100.000000000000","100.000000000000","100.000000000000"
"1Q Ago 2018","100.343000000000","100.175428094600","100.343000000000","100.175428094600","100.862428944000"
"2Q Ago 2018","100.641000000000","100.265258974000","100.641000000000","100.265258974000","101.801187044300"
"1Q Sep 2018","100.865000000000","100.454717304500","100.865000000000","100.454717304500","102.132303868000"
"2Q Sep 2018","100.970000000000","100.634828833400","100.970000000000","100.634828833400","102.004296310600"
"1Q Oct 2018","101.372000000000","100.805389841000","101.372000000000","100.805389841000","103.121891280100"
"2Q Oct 2018","101.509000000000","100.907821549800","101.509000000000","100.907821549800","103.368269658700"
"1Q Nov 2018","102.132000000000","101.101445653700","102.132000000000","101.101445653700","105.318272693700"
"2Q Nov 2018","102.473000000000","101.119440067300","102.473000000000","101.119440067300","106.657092674200"
"1Q Dic 2018","103.049000000000","101.545877637600","103.049000000000","101.545877637600","107.693416494400"
"2Q Dic 2018","102.992000000000","101.619072361700","102.992000000000","101.619072361700","107.235153630700"
"1Q Ene 2019","103.105000000000","101.702073656700","103.105000000000","101.702073656700","107.440801728800"
"2Q Ene 2019","103.112000000000","101.867517527900","103.112000000000","101.867517527900","106.957608288000"
"1Q Feb 2019","103.009000000000","102.128064392300","103.009000000000","102.128064392300","105.731033349600"
"2Q Feb 2019","103.150000000000","102.320280936900","103.150000000000","102.320280936900","105.713144357400"
"1Q Mar 2019","103.415000000000","102.503359507900","103.415000000000","102.503359507900","106.234043754600"
"2Q Mar 2019","103.537000000000","102.648921093400","103.537000000000","102.648921093400","106.281036174800"
"1Q Abr 2019","103.501000000000","103.055749275900","103.501000000000","103.055749275900","104.876509879000"
"2Q Abr 2019","103.562000000000","103.030819385200","103.562000000000","103.030819385200","105.202183656100"
"1Q May 2019","103.250000000000","103.125319148600","103.250000000000","103.125319148600","103.636690385900"
"2Q May 2019","103.216000000000","103.299177365300","103.216000000000","103.299177365300","102.957938465000"
"1Q Jun 2019","103.225000000000","103.469492363500","103.225000000000","103.469492363500","102.468912503400"
"2Q Jun 2019","103.373000000000","103.581631098300","103.373000000000","103.581631098300","102.728908622400"
"1Q Jul 2019","103.654000000000","103.755305286300","103.654000000000","103.755305286300","103.341855744300"
"2Q Jul 2019","103.720000000000","103.833505071700","103.720000000000","103.833505071700","103.370204152800"
"1Q Ago 2019","103.642000000000","103.951482553200","103.642000000000","103.951482553200","102.684715410400"
"2Q Ago 2019","103.697000000000","104.059288761400","103.697000000000","104.059288761400","102.578406947600"
"1Q Sep 2019","103.877000000000","104.253803666900","103.877000000000","104.253803666900","102.711727857100"
"2Q Sep 2019","104.007000000000","104.376822630800","104.007000000000","104.376822630800","102.865883885200"
"1Q Oct 2019","104.420000000000","104.510930173700","104.420000000000","104.510930173700","104.138272897400"
"2Q Oct 2019","104.587000000000","104.633125810900","104.587000000000","104.633125810900","104.443995334900"
"1Q Nov 2019","105.299000000000","104.798292130700","105.299000000000","104.798292130700","106.847136758000"
"2Q Nov 2019","105.393000000000","104.809024311000","105.393000000000","104.809024311000","107.199416114100"
"1Q Dic 2019","105.763000000000","105.191006829100","105.763000000000","105.191006829100","107.529405172300"
"2Q Dic 2019","106.105000000000","105.276581999400","106.105000000000","105.276581999400","108.663771333200"
"1Q Ene 2020","106.388000000000","105.490662661000","106.388000000000","105.490662661000","109.161048968500"
"2Q Ene 2020","106.506000000000","105.663534788700","106.506000000000","105.663534788700","109.109864516100"
"1Q Feb 2020","106.636000000000","105.891939109500","106.636000000000","105.891939109500","108.935936252000"
"2Q Feb 2020","107.141000000000","106.030921594300","107.141000000000","106.030921594300","110.572379156600"
"1Q Mar 2020","107.254000000000","106.196016339700","107.254000000000","106.196016339700","110.523409777600"
"2Q Mar 2020","106.422000000000","106.348890632300","106.422000000000","106.348890632300","106.649546657800"
"1Q Abr 2020","105.655000000000","106.562215049100","105.655000000000","106.562215049100","102.852273013200"
"2Q Abr 2020","105.854000000000","106.745639021600","105.854000000000","106.745639021600","103.100014934600"
"1Q May 2020","106.167000000000","107.004488937100","106.167000000000","107.004488937100","103.577519604700"
"2Q May 2020","106.158000000000","106.940291183400","106.158000000000","106.940291183400","103.740984270000"
"1Q Jun 2020","106.495000000000","107.255694937400","106.495000000000","107.255694937400","104.142473820900"
"2Q Jun 2020","106.991000000000","107.476097602600","106.991000000000","107.476097602600","105.489762783000"
"1Q Jul 2020","107.371000000000","107.741836662200","107.371000000000","107.741836662200","106.222819283800"
"2Q Jul 2020","107.517000000000","107.840106805600","107.517000000000","107.840106805600","106.519229809300"
"1Q Ago 2020","107.777000000000","108.034618348800","107.777000000000","108.034618348800","106.981734598500"
"2Q Ago 2020","107.956000000000","108.230289393900","107.956000000000","108.230289393900","107.109991667600"
"1Q Sep 2020","108.132000000000","108.408975185500","108.132000000000","108.408975185500","107.275077079900"
"2Q Sep 2020","108.097000000000","108.538473403000","108.097000000000","108.538473403000","106.732387162300"
"1Q Oct 2020","108.686000000000","108.695478096800","108.686000000000","108.695478096800","108.657977994200"
"2Q Oct 2020","108.862000000000","108.771417523500","108.862000000000","108.771417523500","109.143718169400"
"1Q Nov 2020","108.910000000000","108.655288243000","108.910000000000","108.655288243000","109.696268283400"
"2Q Nov 2020","108.801000000000","108.628374404200","108.801000000000","108.628374404200","109.335672934600"
"1Q Dic 2020","109.168000000000","109.194891286600","109.168000000000","109.194891286600","109.083504973100"
"2Q Dic 2020","109.374000000000","109.278530316800","109.374000000000","109.278530316800","109.669671177100"
"1Q Ene 2021","109.936000000000","109.535926170700","109.936000000000","109.535926170700","111.172485335400"
"2Q Ene 2021","110.484000000000","109.721867420900","110.484000000000","109.721867420900","112.839845311300"
"1Q Feb 2021","110.736000000000","109.961758950600","110.736000000000","109.961758950600","113.128258121300"
"2Q Feb 2021","111.079000000000","110.160046645600","111.079000000000","110.160046645600","113.919510800300"
"1Q Mar 2021","111.668000000000","110.541053699400","111.668000000000","110.541053699400","115.149813625000"
"2Q Mar 2021","111.981000000000","110.766902812600","111.981000000000","110.766902812600","115.734395477100"
"1Q Abr 2021","112.052000000000","110.966930995300","112.052000000000","110.966930995300","115.406095456400"
"2Q Abr 2021","112.328000000000","111.154930553800","112.328000000000","111.154930553800","115.953729778600"
"1Q May 2021","112.321000000000","111.520666944100","112.321000000000","111.520666944100","114.794211716700"
"2Q May 2021","112.517000000000","111.767778857200","112.517000000000","111.767778857200","114.833829886900"
"1Q Jun 2021","112.903000000000","112.163713357700","112.903000000000","112.163713357700","115.188339722600"
"2Q Jun 2021","113.132000000000","112.398553359200","113.132000000000","112.398553359200","115.400728165800"
"1Q Jul 2021","113.547000000000","112.742999102900","113.547000000000","112.742999102900","116.033169843000"
"2Q Jul 2021","113.818000000000","112.887154482500","113.818000000000","112.887154482500","116.693611330300"
"1Q Ago 2021","113.794000000000","113.202701400200","113.794000000000","113.202701400200","115.621041224300"
