,Gas87,Gas91,Diesel,Year,Month,Day
0,15.99,17.79,17.05,2017,1,1
1,16.02,17.82,17.08,2017,1,2
2,16.02,17.83,17.08,2017,1,3
3,16.02,17.83,17.08,2017,1,4
4,16.02,17.83,17.08,2017,1,5
5,16.02,17.83,17.08,2017,1,6
6,16.02,17.83,17.08,2017,1,7
7,16.02,17.83,17.08,2017,1,8
8,16.02,17.83,17.09,2017,1,9
9,16.02,17.83,17.08,2017,1,10
10,16.01,17.82,17.08,2017,1,11
11,16.01,17.83,17.08,2017,1,12
12,16.01,17.82,17.08,2017,1,13
13,16.0,17.82,17.07,2017,1,14
14,16.0,17.82,17.07,2017,1,15
15,16.0,17.82,17.07,2017,1,16
16,16.0,17.81,17.07,2017,1,17
17,16.0,17.81,17.07,2017,1,18
18,16.0,17.81,17.07,2017,1,19
19,16.0,17.81,17.07,2017,1,20
20,16.0,17.81,17.07,2017,1,21
21,16.0,17.81,17.07,2017,1,22
22,16.0,17.81,17.07,2017,1,23
23,16.0,17.81,17.07,2017,1,24
24,16.0,17.81,17.07,2017,1,25
25,15.99,17.8,17.07,2017,1,26
26,15.99,17.81,17.07,2017,1,27
27,15.99,17.81,17.07,2017,1,28
28,15.99,17.81,17.07,2017,1,29
29,15.99,17.81,17.07,2017,1,30
30,15.99,17.82,17.08,2017,1,31
31,15.91,17.77,17.08,2017,2,1
32,15.89,17.74,17.08,2017,2,2
33,15.88,17.74,17.08,2017,2,3
34,15.87,17.73,17.08,2017,2,4
35,15.86,17.73,17.08,2017,2,5
36,15.86,17.73,17.07,2017,2,6
37,15.86,17.72,17.07,2017,2,7
38,15.86,17.72,17.07,2017,2,8
39,15.85,17.72,17.07,2017,2,9
40,15.84,17.72,17.07,2017,2,10
41,15.84,17.71,17.07,2017,2,11
42,15.8,17.68,17.08,2017,2,12
43,15.75,17.66,17.09,2017,2,13
44,15.71,17.64,17.09,2017,2,14
45,15.69,17.62,17.09,2017,2,15
46,15.69,17.62,17.09,2017,2,16
47,15.67,17.62,17.1,2017,2,17
48,15.93,17.76,17.05,2017,2,18
49,15.93,17.76,17.06,2017,2,19
50,15.93,17.76,17.06,2017,2,20
51,15.92,17.75,17.06,2017,2,21
52,15.92,17.75,17.06,2017,2,22
53,15.91,17.74,17.06,2017,2,23
54,15.9,17.73,17.03,2017,2,24
55,15.89,17.73,17.03,2017,2,25
56,15.89,17.73,17.03,2017,2,26
57,15.89,17.73,17.03,2017,2,27
58,15.89,17.73,17.02,2017,2,28
59,15.87,17.72,17.03,2017,3,1
60,15.86,17.72,17.04,2017,3,2
61,15.84,17.7,17.03,2017,3,3
62,15.82,17.68,17.0,2017,3,4
63,15.82,17.68,17.0,2017,3,5
64,15.82,17.68,17.0,2017,3,6
65,15.8,17.66,16.98,2017,3,7
66,15.82,17.68,17.01,2017,3,8
67,15.82,17.68,17.01,2017,3,9
68,15.81,17.7,16.99,2017,3,10
69,15.8,17.69,16.98,2017,3,11
70,15.8,17.69,16.98,2017,3,12
71,15.8,17.69,16.98,2017,3,13
72,15.78,17.67,16.96,2017,3,14
73,15.77,17.66,16.95,2017,3,15
74,15.79,17.63,16.95,2017,3,16
75,15.77,17.62,16.96,2017,3,17
76,15.77,17.61,16.94,2017,3,18
77,15.77,17.61,16.94,2017,3,19
78,15.76,17.61,16.94,2017,3,20
79,15.76,17.6,16.93,2017,3,21
80,15.76,17.6,16.93,2017,3,22
81,15.76,17.6,16.91,2017,3,23
82,15.75,17.59,16.9,2017,3,24
83,15.73,17.57,16.88,2017,3,25
84,15.73,17.57,16.88,2017,3,26
85,15.73,17.57,16.88,2017,3,27
86,15.74,17.57,16.87,2017,3,28
87,15.75,17.58,16.88,2017,3,29
88,15.75,17.58,16.88,2017,3,30
89,15.76,17.6,16.88,2017,3,31
90,15.75,17.59,16.88,2017,4,1
91,15.75,17.59,16.88,2017,4,2
92,15.75,17.59,16.88,2017,4,3
93,15.77,17.6,16.89,2017,4,4
94,15.77,17.6,16.88,2017,4,5
95,15.79,17.62,16.89,2017,4,6
96,15.78,17.61,16.9,2017,4,7
97,15.79,17.62,16.89,2017,4,8
98,15.79,17.62,16.89,2017,4,9
99,15.79,17.62,16.89,2017,4,10
100,15.8,17.62,16.89,2017,4,11
101,15.81,17.62,16.9,2017,4,12
102,15.81,17.63,16.91,2017,4,13
103,15.81,17.62,16.92,2017,4,14
104,15.81,17.62,16.92,2017,4,15
105,15.81,17.62,16.92,2017,4,16
106,15.81,17.62,16.92,2017,4,17
107,15.81,17.62,16.92,2017,4,18
108,15.79,17.61,16.9,2017,4,19
109,15.79,17.61,16.89,2017,4,20
110,15.77,17.61,16.88,2017,4,21
111,15.78,17.61,16.88,2017,4,22
112,15.78,17.62,16.88,2017,4,23
113,15.78,17.61,16.88,2017,4,24
114,15.77,17.59,16.86,2017,4,25
115,15.75,17.56,16.84,2017,4,26
116,15.77,17.59,16.85,2017,4,27
117,15.75,17.57,16.85,2017,4,28
118,15.73,17.54,16.83,2017,4,29
119,15.73,17.54,16.83,2017,4,30
120,15.73,17.54,16.83,2017,5,1
121,15.71,17.52,16.82,2017,5,2
122,15.71,17.52,16.82,2017,5,3
123,15.68,17.5,16.79,2017,5,4
124,15.69,17.53,16.79,2017,5,5
125,15.67,17.51,16.76,2017,5,6
126,15.67,17.51,16.76,2017,5,7
127,15.67,17.51,16.76,2017,5,8
128,15.67,17.52,16.76,2017,5,9
129,15.67,17.53,16.77,2017,5,10
130,15.65,17.51,16.76,2017,5,11
131,15.66,17.52,16.76,2017,5,12
132,15.67,17.53,16.76,2017,5,13
133,15.67,17.53,16.76,2017,5,14
134,15.67,17.53,16.76,2017,5,15
135,15.66,17.54,16.75,2017,5,16
136,15.67,17.55,16.75,2017,5,17
137,15.66,17.54,16.74,2017,5,18
138,15.66,17.54,16.75,2017,5,19
139,15.67,17.53,16.76,2017,5,20
140,15.67,17.53,16.76,2017,5,21
141,15.67,17.53,16.76,2017,5,22
142,15.7,17.56,16.76,2017,5,23
143,15.7,17.56,16.77,2017,5,24
144,15.69,17.55,16.77,2017,5,25
145,15.69,17.55,16.77,2017,5,26
146,15.67,17.53,16.75,2017,5,27
147,15.67,17.53,16.75,2017,5,28
148,15.67,17.53,16.75,2017,5,29
149,15.68,17.54,16.76,2017,5,30
150,15.68,17.54,16.76,2017,5,31
151,15.69,17.53,16.75,2017,6,1
152,15.68,17.52,16.73,2017,6,2
153,15.68,17.52,16.71,2017,6,3
154,15.68,17.52,16.71,2017,6,4
155,15.68,17.52,16.71,2017,6,5
156,15.66,17.5,16.69,2017,6,6
157,15.63,17.48,16.67,2017,6,7
158,15.63,17.47,16.65,2017,6,8
159,15.6,17.45,16.63,2017,6,9
160,15.6,17.42,16.62,2017,6,10
161,15.6,17.42,16.62,2017,6,11
162,15.6,17.42,16.62,2017,6,12
163,15.6,17.42,16.61,2017,6,13
164,15.58,17.4,16.6,2017,6,14
165,15.56,17.39,16.6,2017,6,15
166,15.53,17.36,16.57,2017,6,16
167,15.54,17.37,16.57,2017,6,17
168,15.54,17.37,16.57,2017,6,18
169,15.54,17.37,16.57,2017,6,19
170,15.54,17.36,16.56,2017,6,20
171,15.54,17.38,16.54,2017,6,21
172,15.52,17.35,16.53,2017,6,22
173,15.52,17.34,16.5,2017,6,23
174,15.5,17.33,16.49,2017,6,24
175,15.5,17.33,16.49,2017,6,25
176,15.5,17.33,16.49,2017,6,26
177,15.49,17.32,16.48,2017,6,27
178,15.47,17.3,16.47,2017,6,28
179,15.48,17.31,16.48,2017,6,29
180,15.48,17.3,16.48,2017,6,30
181,15.49,17.3,16.49,2017,7,1
182,15.49,17.3,16.49,2017,7,2
183,15.49,17.31,16.49,2017,7,3
184,15.51,17.32,16.5,2017,7,4
185,15.51,17.32,16.5,2017,7,5
186,15.51,17.32,16.5,2017,7,6
187,15.51,17.32,16.5,2017,7,7
188,15.52,17.33,16.5,2017,7,8
189,15.51,17.33,16.49,2017,7,9
190,15.51,17.33,16.49,2017,7,10
191,15.49,17.3,16.47,2017,7,11
192,15.48,17.31,16.46,2017,7,12
193,15.48,17.31,16.47,2017,7,13
194,15.47,17.3,16.45,2017,7,14
195,15.47,17.3,16.45,2017,7,15
196,15.47,17.3,16.44,2017,7,16
197,15.47,17.3,16.44,2017,7,17
198,15.47,17.3,16.44,2017,7,18
199,15.47,17.3,16.44,2017,7,19
200,15.48,17.29,16.44,2017,7,20
201,15.48,17.29,16.45,2017,7,21
202,15.47,17.28,16.44,2017,7,22
203,15.46,17.28,16.44,2017,7,23
204,15.46,17.28,16.44,2017,7,24
205,15.45,17.26,16.42,2017,7,25
206,15.45,17.26,16.42,2017,7,26
207,15.47,17.29,16.45,2017,7,27
208,15.48,17.3,16.46,2017,7,28
209,15.49,17.31,16.46,2017,7,29
210,15.49,17.31,16.46,2017,7,30
211,15.49,17.31,16.46,2017,7,31
212,15.51,17.33,16.48,2017,8,1
213,15.54,17.36,16.5,2017,8,2
214,15.54,17.36,16.49,2017,8,3
215,15.54,17.36,16.5,2017,8,4
216,15.54,17.36,16.49,2017,8,5
217,15.54,17.37,16.49,2017,8,6
218,15.54,17.37,16.49,2017,8,7
219,15.55,17.38,16.5,2017,8,8
220,15.55,17.38,16.5,2017,8,9
221,15.55,17.38,16.49,2017,8,10
222,15.56,17.39,16.51,2017,8,11
223,15.55,17.38,16.5,2017,8,12
224,15.55,17.38,16.5,2017,8,13
225,15.55,17.38,16.5,2017,8,14
226,15.55,17.38,16.5,2017,8,15
227,15.53,17.36,16.49,2017,8,16
228,15.53,17.36,16.49,2017,8,17
229,15.52,17.35,16.48,2017,8,18
230,15.53,17.36,16.49,2017,8,19
231,15.53,17.36,16.49,2017,8,20
232,15.53,17.36,16.49,2017,8,21
233,15.55,17.39,16.52,2017,8,22
234,15.56,17.39,16.52,2017,8,23
235,15.57,17.4,16.54,2017,8,24
236,15.59,17.42,16.56,2017,8,25
237,15.61,17.45,16.56,2017,8,26
238,15.61,17.45,16.56,2017,8,27
239,15.61,17.45,16.56,2017,8,28
240,15.62,17.45,16.57,2017,8,29
241,15.64,17.48,16.59,2017,8,30
242,15.67,17.5,16.62,2017,8,31
243,15.7,17.53,16.63,2017,9,1
244,15.73,17.56,16.66,2017,9,2
245,15.73,17.56,16.66,2017,9,3
246,15.73,17.56,16.66,2017,9,4
247,15.75,17.59,16.67,2017,9,5
248,15.75,17.59,16.68,2017,9,6
249,15.75,17.61,16.7,2017,9,7
250,15.74,17.61,16.71,2017,9,8
251,15.76,17.63,16.74,2017,9,9
252,15.76,17.63,16.74,2017,9,10
253,15.76,17.63,16.74,2017,9,11
254,15.76,17.64,16.74,2017,9,12
255,15.77,17.65,16.74,2017,9,13
256,15.78,17.65,16.76,2017,9,14
257,15.78,17.65,16.77,2017,9,15
258,15.78,17.65,16.78,2017,9,16
259,15.78,17.65,16.78,2017,9,17
260,15.78,17.65,16.78,2017,9,18
261,15.8,17.66,16.8,2017,9,19
262,15.81,17.67,16.8,2017,9,20
263,15.81,17.66,16.8,2017,9,21
264,15.81,17.67,16.81,2017,9,22
265,15.82,17.66,16.82,2017,9,23
266,15.82,17.66,16.83,2017,9,24
267,15.82,17.66,16.83,2017,9,25
268,15.83,17.67,16.84,2017,9,26
269,15.86,17.69,16.87,2017,9,27
270,15.87,17.7,16.88,2017,9,28
271,15.87,17.7,16.9,2017,9,29
272,15.88,17.71,16.91,2017,9,30
273,15.88,17.71,16.91,2017,10,1
274,15.88,17.71,16.91,2017,10,2
275,15.87,17.7,16.91,2017,10,3
276,15.86,17.69,16.91,2017,10,4
277,15.87,17.7,16.91,2017,10,5
278,15.89,17.72,16.93,2017,10,6
279,15.92,17.74,16.95,2017,10,7
280,15.92,17.74,16.95,2017,10,8
281,15.92,17.74,16.95,2017,10,9
282,15.91,17.74,16.95,2017,10,10
283,15.92,17.75,16.96,2017,10,11
284,15.95,17.77,16.98,2017,10,12
285,15.95,17.76,16.99,2017,10,13
286,15.94,17.75,16.98,2017,10,14
287,15.94,17.75,16.98,2017,10,15
288,15.94,17.75,16.98,2017,10,16
289,15.94,17.76,16.98,2017,10,17
290,15.94,17.75,16.98,2017,10,18
291,15.93,17.74,16.98,2017,10,19
292,15.91,17.73,16.96,2017,10,20
293,15.89,17.71,16.95,2017,10,21
294,15.89,17.71,16.95,2017,10,22
295,15.89,17.71,16.95,2017,10,23
296,15.9,17.73,16.96,2017,10,24
297,15.92,17.75,16.96,2017,10,25
298,15.92,17.76,16.97,2017,10,26
299,15.93,17.77,16.97,2017,10,27
300,15.95,17.77,16.99,2017,10,28
301,15.95,17.77,16.99,2017,10,29
302,15.95,17.77,16.99,2017,10,30
303,15.96,17.78,17.01,2017,10,31
304,15.96,17.78,17.01,2017,11,1
305,15.97,17.79,17.02,2017,11,2
306,15.97,17.8,17.01,2017,11,3
307,15.98,17.8,17.01,2017,11,4
308,15.98,17.8,17.01,2017,11,5
309,15.98,17.8,17.01,2017,11,6
310,16.0,17.83,17.03,2017,11,7
311,16.02,17.85,17.06,2017,11,8
312,16.02,17.85,17.06,2017,11,9
313,16.03,17.87,17.07,2017,11,10
314,16.04,17.89,17.09,2017,11,11
315,16.04,17.89,17.09,2017,11,12
316,16.04,17.89,17.09,2017,11,13
317,16.04,17.89,17.09,2017,11,14
318,16.04,17.89,17.1,2017,11,15
319,16.03,17.88,17.09,2017,11,16
320,16.02,17.86,17.1,2017,11,17
321,16.01,17.85,17.11,2017,11,18
322,16.01,17.85,17.11,2017,11,19
323,16.01,17.85,17.11,2017,11,20
324,16.02,17.87,17.12,2017,11,21
325,16.02,17.87,17.12,2017,11,22
326,16.04,17.86,17.12,2017,11,23
327,16.04,17.86,17.12,2017,11,24
328,16.04,17.86,17.12,2017,11,25
329,16.04,17.86,17.12,2017,11,26
330,16.04,17.86,17.12,2017,11,27
331,16.04,17.86,17.12,2017,11,28
332,16.04,17.87,17.12,2017,11,29
333,16.05,17.88,17.13,2017,11,30
334,16.07,17.89,17.15,2017,12,1
335,16.08,17.91,17.17,2017,12,2
336,16.08,17.91,17.17,2017,12,3
337,16.08,17.91,17.17,2017,12,4
338,16.09,17.92,17.18,2017,12,5
339,16.1,17.93,17.19,2017,12,6
340,16.11,17.93,17.19,2017,12,7
341,16.11,17.94,17.2,2017,12,8
342,16.12,17.94,17.2,2017,12,9
343,16.12,17.94,17.2,2017,12,10
344,16.12,17.94,17.2,2017,12,11
345,16.13,17.95,17.21,2017,12,12
346,16.14,17.96,17.21,2017,12,13
347,16.15,17.97,17.22,2017,12,14
348,16.15,17.97,17.22,2017,12,15
349,16.16,17.97,17.23,2017,12,16
350,16.16,17.97,17.23,2017,12,17
351,16.16,17.98,17.23,2017,12,18
352,16.17,17.98,17.25,2017,12,19
353,16.18,17.99,17.26,2017,12,20
354,16.19,18.0,17.27,2017,12,21
355,16.2,18.01,17.28,2017,12,22
356,16.2,18.01,17.29,2017,12,23
357,16.2,18.01,17.3,2017,12,24
358,16.2,18.01,17.3,2017,12,25
359,16.21,18.02,17.3,2017,12,26
360,16.22,18.03,17.31,2017,12,27
361,16.23,18.04,17.32,2017,12,28
362,16.25,18.05,17.33,2017,12,29
363,16.27,18.08,17.35,2017,12,30
364,16.27,18.08,17.36,2017,12,31
365,16.28,18.09,17.37,2018,1,1
366,16.31,18.12,17.39,2018,1,2
367,16.33,18.14,17.42,2018,1,3
368,16.36,18.16,17.44,2018,1,4
369,16.39,18.2,17.48,2018,1,5
370,16.43,18.23,17.51,2018,1,6
371,16.43,18.23,17.52,2018,1,7
372,16.44,18.23,17.53,2018,1,8
373,16.47,18.26,17.56,2018,1,9
374,16.51,18.29,17.6,2018,1,10
375,16.56,18.33,17.64,2018,1,11
376,16.6,18.37,17.69,2018,1,12
377,16.65,18.41,17.73,2018,1,13
378,16.66,18.42,17.73,2018,1,14
379,16.66,18.42,17.74,2018,1,15
380,16.7,18.46,17.78,2018,1,16
381,16.74,18.49,17.81,2018,1,17
382,16.77,18.52,17.84,2018,1,18
383,16.81,18.55,17.87,2018,1,19
384,16.84,18.55,17.9,2018,1,20
385,16.85,18.56,17.91,2018,1,21
386,16.86,18.58,17.92,2018,1,22
387,16.89,18.61,17.95,2018,1,23
388,16.94,18.65,17.99,2018,1,24
389,16.98,18.69,18.04,2018,1,25
390,17.02,18.71,18.09,2018,1,26
391,17.04,18.75,18.13,2018,1,27
392,17.05,18.75,18.14,2018,1,28
393,17.06,18.76,18.15,2018,1,29
394,17.1,18.81,18.2,2018,1,30
395,17.14,18.85,18.24,2018,1,31
396,17.18,18.88,18.28,2018,2,1
397,17.22,18.93,18.32,2018,2,2
398,17.26,18.96,18.36,2018,2,3
399,17.27,18.97,18.37,2018,2,4
400,17.27,18.97,18.37,2018,2,5
401,17.3,18.99,18.4,2018,2,6
402,17.33,19.0,18.43,2018,2,7
403,17.34,19.0,18.43,2018,2,8
404,17.33,18.99,18.42,2018,2,9
405,17.33,18.99,18.42,2018,2,10
406,17.33,18.99,18.42,2018,2,11
407,17.33,18.99,18.42,2018,2,12
408,17.33,18.99,18.42,2018,2,13
409,17.33,18.98,18.42,2018,2,14
410,17.34,18.99,18.42,2018,2,15
411,17.35,19.0,18.43,2018,2,16
412,17.37,19.01,18.44,2018,2,17
413,17.37,19.01,18.44,2018,2,18
414,17.37,19.01,18.45,2018,2,19
415,17.38,19.01,18.46,2018,2,20
416,17.39,19.01,18.48,2018,2,21
417,17.4,19.01,18.5,2018,2,22
418,17.42,19.03,18.53,2018,2,23
419,17.44,19.04,18.55,2018,2,24
420,17.44,19.05,18.56,2018,2,25
421,17.45,19.05,18.56,2018,2,26
422,17.47,19.07,18.58,2018,2,27
423,17.49,19.09,18.61,2018,2,28
424,17.52,19.11,18.64,2018,3,1
425,17.53,19.12,18.65,2018,3,2
426,17.54,19.13,18.65,2018,3,3
427,17.54,19.13,18.65,2018,3,4
428,17.54,19.13,18.65,2018,3,5
429,17.54,19.13,18.66,2018,3,6
430,17.55,19.14,18.67,2018,3,7
431,17.55,19.14,18.67,2018,3,8
432,17.55,19.13,18.67,2018,3,9
433,17.55,19.14,18.67,2018,3,10
434,17.55,19.14,18.67,2018,3,11
435,17.55,19.14,18.67,2018,3,12
436,17.56,19.14,18.67,2018,3,13
437,17.56,19.14,18.67,2018,3,14
438,17.56,19.14,18.67,2018,3,15
439,17.57,19.14,18.68,2018,3,16
440,17.57,19.15,18.69,2018,3,17
441,17.58,19.15,18.69,2018,3,18
442,17.58,19.15,18.69,2018,3,19
443,17.58,19.16,18.69,2018,3,20
444,17.59,19.17,18.7,2018,3,21
445,17.6,19.17,18.71,2018,3,22
446,17.61,19.18,18.72,2018,3,23
447,17.62,19.19,18.73,2018,3,24
448,17.62,19.19,18.73,2018,3,25
449,17.63,19.19,18.73,2018,3,26
450,17.64,19.2,18.74,2018,3,27
451,17.64,19.21,18.74,2018,3,28
452,17.64,19.21,18.75,2018,3,29
453,17.64,19.21,18.75,2018,3,30
454,17.65,19.21,18.75,2018,3,31
455,17.65,19.21,18.75,2018,4,1
456,17.65,19.21,18.75,2018,4,2
457,17.65,19.21,18.75,2018,4,3
458,17.65,19.21,18.75,2018,4,4
459,17.65,19.21,18.75,2018,4,5
460,17.65,19.21,18.75,2018,4,6
461,17.65,19.21,18.75,2018,4,7
462,17.65,19.21,18.75,2018,4,8
463,17.65,19.21,18.76,2018,4,9
464,17.65,19.21,18.76,2018,4,10
465,17.66,19.21,18.76,2018,4,11
466,17.66,19.22,18.77,2018,4,12
467,17.67,19.22,18.77,2018,4,13
468,17.67,19.22,18.77,2018,4,14
469,17.67,19.22,18.77,2018,4,15
470,17.67,19.23,18.78,2018,4,16
471,17.68,19.23,18.78,2018,4,17
472,17.68,19.23,18.78,2018,4,18
473,17.68,19.23,18.78,2018,4,19
474,17.68,19.23,18.79,2018,4,20
475,17.69,19.24,18.79,2018,4,21
476,17.69,19.24,18.79,2018,4,22
477,17.69,19.24,18.79,2018,4,23
478,17.7,19.24,18.8,2018,4,24
479,17.71,19.25,18.81,2018,4,25
480,17.73,19.27,18.82,2018,4,26
481,17.73,19.27,18.83,2018,4,27
482,17.74,19.28,18.83,2018,4,28
483,17.77,19.3,18.84,2018,4,29
484,17.77,19.29,18.84,2018,4,30
485,17.78,19.3,18.84,2018,5,1
486,17.79,19.31,18.85,2018,5,2
487,17.8,19.32,18.86,2018,5,3
488,17.81,19.32,18.87,2018,5,4
489,17.82,19.33,18.87,2018,5,5
490,17.82,19.33,18.87,2018,5,6
491,17.82,19.33,18.87,2018,5,7
492,17.83,19.34,18.88,2018,5,8
493,17.84,19.34,18.89,2018,5,9
494,17.85,19.35,18.9,2018,5,10
495,17.85,19.36,18.91,2018,5,11
496,17.86,19.37,18.91,2018,5,12
497,17.86,19.37,18.91,2018,5,13
498,17.86,19.37,18.92,2018,5,14
499,17.87,19.38,18.92,2018,5,15
500,17.88,19.39,18.93,2018,5,16
501,17.89,19.4,18.94,2018,5,17
502,17.9,19.41,18.95,2018,5,18
503,17.91,19.42,18.96,2018,5,19
504,17.92,19.42,18.96,2018,5,20
505,17.92,19.42,18.96,2018,5,21
506,17.93,19.43,18.97,2018,5,22
507,17.94,19.44,18.98,2018,5,23
508,17.95,19.45,18.99,2018,5,24
509,17.96,19.46,19.0,2018,5,25
510,17.97,19.47,19.01,2018,5,26
511,17.97,19.47,19.01,2018,5,27
512,17.98,19.47,19.02,2018,5,28
513,17.99,19.48,19.03,2018,5,29
514,17.99,19.49,19.03,2018,5,30
515,18.0,19.5,19.04,2018,5,31
516,18.01,19.5,19.05,2018,6,1
517,18.0,19.5,19.06,2018,6,2
518,18.0,19.5,19.06,2018,6,3
519,18.0,19.5,19.07,2018,6,4
520,18.01,19.51,19.08,2018,6,5
521,18.01,19.54,19.09,2018,6,6
522,18.01,19.55,19.1,2018,6,7
523,18.03,19.56,19.11,2018,6,8
524,18.04,19.58,19.12,2018,6,9
525,18.04,19.58,19.13,2018,6,10
526,18.05,19.58,19.13,2018,6,11
527,18.06,19.58,19.14,2018,6,12
528,18.07,19.59,19.15,2018,6,13
529,18.08,19.6,19.16,2018,6,14
530,18.09,19.61,19.17,2018,6,15
531,18.1,19.62,19.19,2018,6,16
532,18.11,19.62,19.19,2018,6,17
533,18.11,19.63,19.19,2018,6,18
534,18.12,19.64,19.2,2018,6,19
535,18.13,19.65,19.21,2018,6,20
536,18.14,19.66,19.23,2018,6,21
537,18.15,19.67,19.23,2018,6,22
538,18.17,19.68,19.25,2018,6,23
539,18.17,19.68,19.25,2018,6,24
540,18.17,19.69,19.25,2018,6,25
541,18.18,19.7,19.26,2018,6,26
542,18.19,19.71,19.27,2018,6,27
543,18.2,19.72,19.28,2018,6,28
544,18.21,19.73,19.29,2018,6,29
545,18.22,19.74,19.3,2018,6,30
546,18.22,19.74,19.3,2018,7,1
547,18.23,19.74,19.31,2018,7,2
548,18.24,19.76,19.32,2018,7,3
549,18.26,19.77,19.34,2018,7,4
550,18.28,19.79,19.36,2018,7,5
551,18.3,19.81,19.38,2018,7,6
552,18.32,19.83,19.39,2018,7,7
553,18.32,19.83,19.4,2018,7,8
554,18.33,19.84,19.41,2018,7,9
555,18.35,19.86,19.43,2018,7,10
556,18.37,19.88,19.44,2018,7,11
557,18.38,19.9,19.47,2018,7,12
558,18.41,19.92,19.49,2018,7,13
559,18.42,19.94,19.5,2018,7,14
560,18.43,19.94,19.51,2018,7,15
561,18.44,19.95,19.52,2018,7,16
562,18.47,19.99,19.56,2018,7,17
563,18.49,20.0,19.57,2018,7,18
564,18.51,20.02,19.59,2018,7,19
565,18.53,20.04,19.61,2018,7,20
566,18.55,20.06,19.63,2018,7,21
567,18.55,20.06,19.63,2018,7,22
568,18.55,20.07,19.63,2018,7,23
569,18.57,20.09,19.65,2018,7,24
570,18.59,20.11,19.67,2018,7,25
571,18.61,20.12,19.69,2018,7,26
572,18.63,20.14,19.71,2018,7,27
573,18.65,20.17,19.73,2018,7,28
574,18.65,20.17,19.74,2018,7,29
575,18.67,20.18,19.75,2018,7,30
576,18.71,20.22,19.79,2018,7,31
577,18.73,20.25,19.81,2018,8,1
578,18.76,20.27,19.84,2018,8,2
579,18.78,20.3,19.87,2018,8,3
580,18.81,20.32,19.89,2018,8,4
581,18.82,20.33,19.9,2018,8,5
582,18.83,20.34,19.91,2018,8,6
583,18.87,20.38,19.96,2018,8,7
584,18.9,20.41,19.98,2018,8,8
585,18.93,20.44,20.0,2018,8,9
586,18.94,20.45,20.01,2018,8,10
587,18.95,20.45,20.02,2018,8,11
588,18.95,20.46,20.03,2018,8,12
589,18.96,20.46,20.03,2018,8,13
590,18.97,20.47,20.04,2018,8,14
591,18.99,20.49,20.06,2018,8,15
592,19.0,20.51,20.08,2018,8,16
593,19.01,20.51,20.08,2018,8,17
594,19.02,20.52,20.09,2018,8,18
595,19.02,20.52,20.09,2018,8,19
596,19.02,20.52,20.09,2018,8,20
597,19.03,20.53,20.1,2018,8,21
598,19.04,20.53,20.11,2018,8,22
599,19.05,20.54,20.12,2018,8,23
600,19.07,20.55,20.13,2018,8,24
601,19.07,20.56,20.14,2018,8,25
602,19.07,20.56,20.14,2018,8,26
603,19.08,20.56,20.15,2018,8,27
604,19.09,20.57,20.16,2018,8,28
605,19.1,20.58,20.17,2018,8,29
606,19.11,20.59,20.18,2018,8,30
607,19.13,20.6,20.2,2018,8,31
608,19.15,20.61,20.21,2018,9,1
609,19.15,20.61,20.22,2018,9,2
610,19.15,20.62,20.22,2018,9,3
611,19.16,20.63,20.23,2018,9,4
612,19.17,20.63,20.24,2018,9,5
613,19.18,20.64,20.26,2018,9,6
614,19.19,20.65,20.27,2018,9,7
615,19.19,20.65,20.28,2018,9,8
616,19.19,20.65,20.28,2018,9,9
617,19.19,20.66,20.29,2018,9,10
618,19.2,20.66,20.29,2018,9,11
619,19.21,20.67,20.3,2018,9,12
620,19.22,20.69,20.32,2018,9,13
621,19.23,20.7,20.33,2018,9,14
622,19.24,20.71,20.33,2018,9,15
623,19.24,20.71,20.34,2018,9,16
624,19.24,20.71,20.34,2018,9,17
625,19.24,20.72,20.34,2018,9,18
626,19.24,20.72,20.34,2018,9,19
627,19.25,20.72,20.35,2018,9,20
628,19.25,20.73,20.35,2018,9,21
629,19.26,20.74,20.36,2018,9,22
630,19.26,20.74,20.36,2018,9,23
631,19.26,20.74,20.36,2018,9,24
632,19.27,20.75,20.37,2018,9,25
633,19.28,20.76,20.38,2018,9,26
634,19.3,20.78,20.4,2018,9,27
635,19.31,20.79,20.41,2018,9,28
636,19.32,20.81,20.43,2018,9,29
637,19.32,20.81,20.43,2018,9,30
638,19.33,20.82,20.44,2018,10,1
639,19.34,20.83,20.45,2018,10,2
640,19.35,20.85,20.47,2018,10,3
641,19.37,20.87,20.49,2018,10,4
642,19.39,20.88,20.51,2018,10,5
643,19.41,20.9,20.53,2018,10,6
644,19.41,20.9,20.53,2018,10,7
645,19.41,20.91,20.53,2018,10,8
646,19.43,20.92,20.55,2018,10,9
647,19.43,20.94,20.57,2018,10,10
648,19.44,20.95,20.59,2018,10,11
649,19.45,20.96,20.61,2018,10,12
650,19.45,20.96,20.62,2018,10,13
651,19.45,20.96,20.62,2018,10,14
652,19.45,20.97,20.62,2018,10,15
653,19.45,20.97,20.63,2018,10,16
654,19.45,20.97,20.63,2018,10,17
655,19.45,20.97,20.64,2018,10,18
656,19.45,20.97,20.65,2018,10,19
657,19.45,20.97,20.65,2018,10,20
658,19.45,20.97,20.66,2018,10,21
659,19.45,20.97,20.66,2018,10,22
660,19.45,20.97,20.67,2018,10,23
661,19.46,20.97,20.68,2018,10,24
662,19.46,20.98,20.69,2018,10,25
663,19.45,20.98,20.69,2018,10,26
664,19.45,20.97,20.7,2018,10,27
665,19.45,20.97,20.7,2018,10,28
666,19.45,20.97,20.71,2018,10,29
667,19.45,20.97,20.72,2018,10,30
668,19.45,20.97,20.73,2018,10,31
669,19.45,20.98,20.75,2018,11,1
670,19.46,20.98,20.76,2018,11,2
671,19.46,20.98,20.76,2018,11,3
672,19.46,20.98,20.76,2018,11,4
673,19.45,20.98,20.77,2018,11,5
674,19.45,20.98,20.77,2018,11,6
675,19.45,20.97,20.77,2018,11,7
676,19.45,20.97,20.78,2018,11,8
677,19.45,20.97,20.78,2018,11,9
678,19.45,20.97,20.78,2018,11,10
679,19.45,20.97,20.79,2018,11,11
680,19.44,20.97,20.79,2018,11,12
681,19.44,20.96,20.79,2018,11,13
682,19.43,20.96,20.8,2018,11,14
683,19.43,20.96,20.8,2018,11,15
684,19.4,20.94,20.79,2018,11,16
685,19.4,20.93,20.79,2018,11,17
686,19.4,20.93,20.79,2018,11,18
687,19.39,20.93,20.79,2018,11,19
688,19.4,20.94,20.79,2018,11,20
689,19.38,20.94,20.79,2018,11,21
690,19.37,20.93,20.79,2018,11,22
691,19.36,20.92,20.79,2018,11,23
692,19.35,20.91,20.79,2018,11,24
693,19.35,20.91,20.79,2018,11,25
694,19.35,20.91,20.79,2018,11,26
695,19.34,20.9,20.79,2018,11,27
696,19.33,20.89,20.78,2018,11,28
697,19.32,20.88,20.78,2018,11,29
698,19.31,20.87,20.77,2018,11,30
699,19.29,20.86,20.77,2018,12,1
700,19.28,20.85,20.76,2018,12,2
701,19.27,20.84,20.75,2018,12,3
702,19.25,20.82,20.74,2018,12,4
703,19.24,20.81,20.73,2018,12,5
704,19.23,20.8,20.72,2018,12,6
705,19.22,20.78,20.71,2018,12,7
706,19.2,20.76,20.71,2018,12,8
707,19.19,20.76,20.7,2018,12,9
708,19.19,20.75,20.7,2018,12,10
709,19.17,20.73,20.69,2018,12,11
710,19.15,20.71,20.68,2018,12,12
711,19.13,20.7,20.67,2018,12,13
712,19.12,20.67,20.67,2018,12,14
713,19.11,20.66,20.66,2018,12,15
714,19.1,20.66,20.66,2018,12,16
715,19.1,20.65,20.66,2018,12,17
716,19.09,20.64,20.66,2018,12,18
717,19.08,20.62,20.65,2018,12,19
718,19.06,20.6,20.64,2018,12,20
719,19.04,20.57,20.63,2018,12,21
720,19.02,20.55,20.62,2018,12,22
721,19.02,20.54,20.62,2018,12,23
722,19.01,20.53,20.61,2018,12,24
723,18.99,20.52,20.61,2018,12,25
724,18.98,20.51,20.6,2018,12,26
725,18.96,20.48,20.59,2018,12,27
726,18.94,20.46,20.58,2018,12,28
727,18.93,20.45,20.58,2018,12,29
728,18.93,20.44,20.57,2018,12,30
729,18.92,20.44,20.57,2018,12,31
730,18.87,20.38,20.52,2019,1,1
731,18.85,20.36,20.5,2019,1,2
732,18.83,20.34,20.49,2019,1,3
733,18.82,20.32,20.49,2019,1,4
734,18.8,20.31,20.48,2019,1,5
735,18.8,20.3,20.47,2019,1,6
736,18.79,20.3,20.47,2019,1,7
737,18.79,20.27,20.47,2019,1,8
738,18.79,20.26,20.46,2019,1,9
739,18.78,20.25,20.46,2019,1,10
740,18.78,20.24,20.47,2019,1,11
741,18.78,20.22,20.48,2019,1,12
742,18.79,20.22,20.48,2019,1,13
743,18.79,20.21,20.48,2019,1,14
744,18.79,20.21,20.49,2019,1,15
745,18.79,20.2,20.5,2019,1,16
746,18.79,20.18,20.51,2019,1,17
747,18.79,20.17,20.52,2019,1,18
748,18.79,20.15,20.54,2019,1,19
749,18.79,20.14,20.55,2019,1,20
750,18.8,20.14,20.56,2019,1,21
751,18.83,20.14,20.61,2019,1,22
752,18.85,20.14,20.66,2019,1,23
753,18.86,20.14,20.69,2019,1,24
754,18.87,20.13,20.73,2019,1,25
755,18.86,20.12,20.76,2019,1,26
756,18.86,20.11,20.77,2019,1,27
757,18.86,20.1,20.79,2019,1,28
758,18.85,20.07,20.85,2019,1,29
759,18.84,20.05,20.9,2019,1,30
760,18.83,20.03,20.94,2019,1,31
761,18.82,20.02,20.95,2019,2,1
762,18.82,20.01,20.98,2019,2,2
763,18.83,20.01,20.98,2019,2,3
764,18.82,20.0,20.99,2019,2,4
765,18.84,20.0,21.03,2019,2,5
766,18.89,20.02,21.13,2019,2,6
767,18.93,20.02,21.19,2019,2,7
768,18.96,20.04,21.22,2019,2,8
769,18.99,20.06,21.24,2019,2,9
770,18.99,20.06,21.25,2019,2,10
771,19.0,20.05,21.25,2019,2,11
772,19.01,20.05,21.25,2019,2,12
773,19.02,20.06,21.26,2019,2,13
774,19.03,20.06,21.29,2019,2,14
775,19.11,20.08,21.39,2019,2,15
776,19.23,20.13,21.48,2019,2,16
777,19.25,20.15,21.5,2019,2,17
778,19.29,20.16,21.53,2019,2,18
779,19.49,20.31,21.68,2019,2,19
780,19.62,20.41,21.78,2019,2,20
781,19.64,20.41,21.81,2019,2,21
782,19.67,20.42,21.82,2019,2,22
783,19.73,20.46,21.81,2019,2,23
784,19.74,20.46,21.81,2019,2,24
785,19.75,20.47,21.81,2019,2,25
786,19.77,20.47,21.78,2019,2,26
787,19.73,20.43,21.74,2019,2,27
788,19.69,20.39,21.71,2019,2,28
789,19.75,20.43,21.74,2019,3,1
790,19.8,20.48,21.75,2019,3,2
791,19.81,20.48,21.75,2019,3,3
792,19.81,20.49,21.75,2019,3,4
793,19.82,20.49,21.73,2019,3,5
794,19.83,20.49,21.72,2019,3,6
795,19.83,20.54,21.71,2019,3,7
796,19.85,20.68,21.72,2019,3,8
797,19.87,20.83,21.72,2019,3,9
798,19.87,20.87,21.72,2019,3,10
799,19.88,20.9,21.72,2019,3,11
800,19.88,20.96,21.67,2019,3,12
801,19.83,20.93,21.58,2019,3,13
802,19.8,20.91,21.55,2019,3,14
803,19.79,20.92,21.53,2019,3,15
804,19.75,20.94,21.49,2019,3,16
805,19.74,20.94,21.48,2019,3,17
806,19.74,20.94,21.48,2019,3,18
807,19.73,20.95,21.45,2019,3,19
808,19.7,20.95,21.41,2019,3,20
809,19.67,20.97,21.37,2019,3,21
810,19.66,20.97,21.34,2019,3,22
811,19.64,20.98,21.35,2019,3,23
812,19.63,20.98,21.36,2019,3,24
813,19.62,20.99,21.35,2019,3,25
814,19.62,21.0,21.34,2019,3,26
815,19.62,21.0,21.33,2019,3,27
816,19.61,21.01,21.32,2019,3,28
817,19.61,21.01,21.32,2019,3,29
818,19.6,21.0,21.33,2019,3,30
819,19.6,20.99,21.34,2019,3,31
820,19.6,20.99,21.34,2019,4,1
821,19.59,20.98,21.35,2019,4,2
822,19.59,20.95,21.36,2019,4,3
823,19.58,20.92,21.36,2019,4,4
824,19.58,20.91,21.36,2019,4,5
825,19.57,20.91,21.36,2019,4,6
826,19.56,20.91,21.36,2019,4,7
827,19.56,20.9,21.36,2019,4,8
828,19.55,20.91,21.35,2019,4,9
829,19.54,20.92,21.35,2019,4,10
830,19.53,20.93,21.35,2019,4,11
831,19.53,20.95,21.35,2019,4,12
832,19.52,20.96,21.34,2019,4,13
833,19.51,20.95,21.34,2019,4,14
834,19.51,20.95,21.34,2019,4,15
835,19.51,20.95,21.33,2019,4,16
836,19.5,20.95,21.32,2019,4,17
837,19.5,20.95,21.32,2019,4,18
838,19.49,20.94,21.32,2019,4,19
839,19.49,20.94,21.32,2019,4,20
840,19.49,20.94,21.32,2019,4,21
841,19.49,20.94,21.31,2019,4,22
842,19.49,20.94,21.31,2019,4,23
843,19.49,20.94,21.31,2019,4,24
844,19.48,20.95,21.31,2019,4,25
845,19.48,20.95,21.32,2019,4,26
846,19.48,20.95,21.31,2019,4,27
847,19.48,20.95,21.31,2019,4,28
848,19.48,20.95,21.31,2019,4,29
849,19.47,20.96,21.31,2019,4,30
850,19.47,20.95,21.31,2019,5,1
851,19.47,20.96,21.31,2019,5,2
852,19.46,20.96,21.31,2019,5,3
853,19.46,20.96,21.3,2019,5,4
854,19.46,20.96,21.3,2019,5,5
855,19.45,20.96,21.3,2019,5,6
856,19.45,20.96,21.29,2019,5,7
857,19.46,20.96,21.27,2019,5,8
858,19.46,20.96,21.26,2019,5,9
859,19.45,20.96,21.25,2019,5,10
860,19.46,20.96,21.25,2019,5,11
861,19.45,20.96,21.25,2019,5,12
862,19.43,20.96,21.25,2019,5,13
863,19.43,20.94,21.24,2019,5,14
864,19.43,20.94,21.24,2019,5,15
865,19.44,20.94,21.23,2019,5,16
866,19.44,20.94,21.22,2019,5,17
867,19.44,20.94,21.23,2019,5,18
868,19.43,20.94,21.22,2019,5,19
869,19.43,20.94,21.23,2019,5,20
870,19.44,20.94,21.24,2019,5,21
871,19.44,20.95,21.25,2019,5,22
872,19.44,20.95,21.25,2019,5,23
873,19.44,20.94,21.26,2019,5,24
874,19.43,20.94,21.24,2019,5,25
875,19.43,20.94,21.24,2019,5,26
876,19.43,20.93,21.23,2019,5,27
877,19.42,20.93,21.2,2019,5,28
878,19.42,20.93,21.18,2019,5,29
879,19.43,20.93,21.15,2019,5,30
880,19.42,20.93,21.12,2019,5,31
881,19.42,20.92,21.11,2019,6,1
882,19.42,20.93,21.11,2019,6,2
883,19.43,20.94,21.1,2019,6,3
884,19.42,20.94,21.09,2019,6,4
885,19.41,20.94,21.06,2019,6,5
886,19.36,20.94,21.03,2019,6,6
887,19.32,20.95,21.0,2019,6,7
888,19.33,20.95,21.02,2019,6,8
889,19.34,20.95,21.03,2019,6,9
890,19.34,20.95,21.03,2019,6,10
891,19.33,20.95,21.03,2019,6,11
892,19.29,20.95,21.01,2019,6,12
893,19.27,20.96,20.98,2019,6,13
894,19.24,20.95,20.96,2019,6,14
895,19.23,20.95,20.96,2019,6,15
896,19.25,20.95,20.98,2019,6,16
897,19.26,20.95,20.99,2019,6,17
898,19.28,20.95,21.0,2019,6,18
899,19.28,20.96,21.0,2019,6,19
900,19.27,20.96,21.0,2019,6,20
901,19.27,20.96,20.99,2019,6,21
902,19.28,20.96,21.02,2019,6,22
903,19.29,20.96,21.02,2019,6,23
904,19.3,20.96,21.03,2019,6,24
905,19.33,20.96,21.06,2019,6,25
906,19.35,20.96,21.1,2019,6,26
907,19.38,20.96,21.12,2019,6,27
908,19.39,20.97,21.13,2019,6,28
909,19.4,20.96,21.14,2019,6,29
910,19.4,20.96,21.14,2019,6,30
911,19.4,20.96,21.15,2019,7,1
912,19.4,20.96,21.15,2019,7,2
913,19.4,20.96,21.15,2019,7,3
914,19.41,20.96,21.16,2019,7,4
915,19.4,20.96,21.16,2019,7,5
916,19.4,20.96,21.16,2019,7,6
917,19.41,20.96,21.16,2019,7,7
918,19.41,20.96,21.16,2019,7,8
919,19.41,20.96,21.16,2019,7,9
920,19.4,20.96,21.15,2019,7,10
921,19.4,20.96,21.11,2019,7,11
922,19.41,20.97,21.09,2019,7,12
923,19.41,20.98,21.1,2019,7,13
924,19.41,21.0,21.11,2019,7,14
925,19.41,21.0,21.11,2019,7,15
926,19.41,21.0,21.13,2019,7,16
927,19.41,21.0,21.15,2019,7,17
928,19.41,20.98,21.15,2019,7,18
929,19.41,20.97,21.15,2019,7,19
930,19.41,20.97,21.15,2019,7,20
931,19.41,20.97,21.15,2019,7,21
932,19.4,20.96,21.14,2019,7,22
933,19.4,20.96,21.13,2019,7,23
934,19.4,20.95,21.11,2019,7,24
935,19.38,20.94,21.09,2019,7,25
936,19.39,20.95,21.08,2019,7,26
937,19.38,20.96,21.08,2019,7,27
938,19.39,20.96,21.08,2019,7,28
939,19.39,20.96,21.07,2019,7,29
940,19.36,20.96,21.09,2019,7,30
941,19.32,20.96,21.09,2019,7,31
942,19.3,20.96,21.11,2019,8,1
943,19.3,20.96,21.12,2019,8,2
944,19.32,20.95,21.12,2019,8,3
945,19.32,20.95,21.12,2019,8,4
946,19.34,20.95,21.12,2019,8,5
947,19.35,20.95,21.12,2019,8,6
948,19.35,20.95,21.11,2019,8,7
949,19.34,20.95,21.1,2019,8,8
950,19.33,20.96,21.09,2019,8,9
951,19.31,20.95,21.08,2019,8,10
952,19.31,20.95,21.08,2019,8,11
953,19.3,20.95,21.07,2019,8,12
954,19.27,20.95,21.05,2019,8,13
955,19.23,20.95,21.04,2019,8,14
956,19.2,20.95,21.03,2019,8,15
957,19.18,20.94,21.02,2019,8,16
958,19.2,20.95,21.04,2019,8,17
959,19.21,20.94,21.05,2019,8,18
960,19.22,20.94,21.06,2019,8,19
961,19.23,20.93,21.08,2019,8,20
962,19.23,20.94,21.09,2019,8,21
963,19.24,20.93,21.11,2019,8,22
964,19.25,20.93,21.12,2019,8,23
965,19.27,20.93,21.13,2019,8,24
966,19.28,20.92,21.13,2019,8,25
967,19.29,20.91,21.13,2019,8,26
968,19.3,20.94,21.14,2019,8,27
969,19.32,20.94,21.15,2019,8,28
970,19.33,20.94,21.15,2019,8,29
971,19.35,20.95,21.15,2019,8,30
972,19.35,20.95,21.15,2019,8,31
973,19.35,20.95,21.15,2019,9,1
974,19.35,20.96,21.15,2019,9,2
975,19.36,20.96,21.15,2019,9,3
976,19.37,20.95,21.16,2019,9,4
977,19.37,20.96,21.16,2019,9,5
978,19.38,20.96,21.16,2019,9,6
979,19.39,20.96,21.16,2019,9,7
980,19.39,20.96,21.16,2019,9,8
981,19.39,20.96,21.16,2019,9,9
982,19.39,20.94,21.17,2019,9,10
983,19.39,20.95,21.17,2019,9,11
984,19.39,20.95,21.17,2019,9,12
985,19.38,20.94,21.16,2019,9,13
986,19.38,20.94,21.16,2019,9,14
987,19.38,20.95,21.16,2019,9,15
988,19.37,20.94,21.15,2019,9,16
989,19.36,20.94,21.15,2019,9,17
990,19.35,20.94,21.14,2019,9,18
991,19.35,20.93,21.13,2019,9,19
992,19.35,20.93,21.13,2019,9,20
993,19.35,20.93,21.12,2019,9,21
994,19.35,20.92,21.12,2019,9,22
995,19.35,20.91,21.12,2019,9,23
996,19.36,20.92,21.13,2019,9,24
997,19.37,20.93,21.15,2019,9,25
998,19.37,20.93,21.16,2019,9,26
999,19.37,20.94,21.16,2019,9,27
1000,19.37,20.95,21.16,2019,9,28
1001,19.37,20.97,21.16,2019,9,29
1002,19.37,20.97,21.16,2019,9,30
1003,19.37,20.96,21.16,2019,10,1
1004,19.36,20.96,21.14,2019,10,2
1005,19.34,20.95,21.13,2019,10,3
1006,19.32,20.95,21.11,2019,10,4
1007,19.32,20.95,21.11,2019,10,5
1008,19.33,20.95,21.11,2019,10,6
1009,19.33,20.94,21.1,2019,10,7
1010,19.31,20.94,21.09,2019,10,8
1011,19.29,20.93,21.08,2019,10,9
1012,19.28,20.91,21.07,2019,10,10
1013,19.27,20.91,21.06,2019,10,11
1014,19.28,20.89,21.07,2019,10,12
1015,19.28,20.9,21.08,2019,10,13
1016,19.29,20.9,21.08,2019,10,14
1017,19.31,20.91,21.09,2019,10,15
1018,19.33,20.91,21.09,2019,10,16
1019,19.33,20.91,21.09,2019,10,17
1020,19.33,20.91,21.08,2019,10,18
1021,19.33,20.9,21.08,2019,10,19
1022,19.33,20.9,21.08,2019,10,20
1023,19.33,20.9,21.08,2019,10,21
1024,19.34,20.89,21.07,2019,10,22
1025,19.37,20.88,21.07,2019,10,23
1026,19.37,20.87,21.06,2019,10,24
1027,19.37,20.86,21.05,2019,10,25
1028,19.36,20.84,21.06,2019,10,26
1029,19.36,20.84,21.06,2019,10,27
1030,19.35,20.82,21.06,2019,10,28
1031,19.34,20.79,21.07,2019,10,29
1032,19.33,20.78,21.07,2019,10,30
1033,19.32,20.77,21.06,2019,10,31
1034,19.3,20.75,21.06,2019,11,1
1035,19.3,20.74,21.06,2019,11,2
1036,19.3,20.73,21.06,2019,11,3
1037,19.3,20.72,21.06,2019,11,4
1038,19.31,20.73,21.05,2019,11,5
1039,19.31,20.73,21.04,2019,11,6
1040,19.32,20.73,21.03,2019,11,7
1041,19.32,20.73,21.03,2019,11,8
1042,19.32,20.73,21.03,2019,11,9
1043,19.31,20.72,21.03,2019,11,10
1044,19.31,20.72,21.03,2019,11,11
1045,19.31,20.72,21.04,2019,11,12
1046,19.31,20.72,21.05,2019,11,13
1047,19.29,20.71,21.05,2019,11,14
1048,19.29,20.7,21.05,2019,11,15
1049,19.29,20.7,21.05,2019,11,16
1050,19.29,20.7,21.05,2019,11,17
1051,19.29,20.7,21.05,2019,11,18
1052,19.29,20.71,21.06,2019,11,19
1053,19.29,20.71,21.06,2019,11,20
1054,19.29,20.7,21.07,2019,11,21
1055,19.29,20.7,21.07,2019,11,22
1056,19.3,20.7,21.08,2019,11,23
1057,19.3,20.7,21.08,2019,11,24
1058,19.32,20.71,21.09,2019,11,25
1059,19.35,20.75,21.11,2019,11,26
1060,19.38,20.78,21.12,2019,11,27
1061,19.42,20.8,21.15,2019,11,28
1062,19.46,20.83,21.17,2019,11,29
1063,19.47,20.84,21.18,2019,11,30
1064,19.47,20.84,21.19,2019,12,1
1065,19.46,20.84,21.19,2019,12,2
1066,19.46,20.85,21.21,2019,12,3
1067,19.47,20.85,21.21,2019,12,4
1068,19.47,20.85,21.21,2019,12,5
1069,19.47,20.84,21.22,2019,12,6
1070,19.45,20.83,21.22,2019,12,7
1071,19.45,20.82,21.21,2019,12,8
1072,19.45,20.82,21.21,2019,12,9
1073,19.43,20.79,21.2,2019,12,10
1074,19.41,20.78,21.19,2019,12,11
1075,19.4,20.75,21.19,2019,12,12
1076,19.39,20.73,21.18,2019,12,13
1077,19.39,20.72,21.18,2019,12,14
1078,19.39,20.72,21.19,2019,12,15
1079,19.39,20.72,21.19,2019,12,16
1080,19.4,20.72,21.19,2019,12,17
1081,19.4,20.71,21.18,2019,12,18
1082,19.4,20.71,21.19,2019,12,19
1083,19.4,20.7,21.19,2019,12,20
1084,19.41,20.71,21.19,2019,12,21
1085,19.41,20.71,21.19,2019,12,22
1086,19.41,20.71,21.19,2019,12,23
1087,19.43,20.73,21.21,2019,12,24
1088,19.45,20.75,21.23,2019,12,25
1089,19.47,20.77,21.24,2019,12,26
1090,19.5,20.79,21.27,2019,12,27
1091,19.51,20.82,21.28,2019,12,28
1092,19.51,20.82,21.28,2019,12,29
1093,19.51,20.82,21.28,2019,12,30
1094,19.52,20.86,21.29,2019,12,31
1095,19.52,20.87,21.29,2020,1,1
1096,19.53,20.87,21.29,2020,1,2
1097,19.53,20.87,21.3,2020,1,3
1098,19.54,20.87,21.29,2020,1,4
1099,19.54,20.86,21.29,2020,1,5
1100,19.54,20.86,21.29,2020,1,6
1101,19.53,20.87,21.29,2020,1,7
1102,19.53,20.87,21.29,2020,1,8
1103,19.52,20.87,21.28,2020,1,9
1104,19.51,20.87,21.27,2020,1,10
1105,19.5,20.87,21.27,2020,1,11
1106,19.5,20.87,21.28,2020,1,12
1107,19.51,20.88,21.27,2020,1,13
1108,19.51,20.87,21.27,2020,1,14
1109,19.5,20.86,21.25,2020,1,15
1110,19.49,20.86,21.24,2020,1,16
1111,19.47,20.84,21.22,2020,1,17
1112,19.49,20.83,21.26,2020,1,18
1113,19.5,20.83,21.28,2020,1,19
1114,19.51,20.83,21.29,2020,1,20
1115,19.53,20.82,21.31,2020,1,21
1116,19.53,20.82,21.3,2020,1,22
1117,19.53,20.81,21.3,2020,1,23
1118,19.53,20.8,21.29,2020,1,24
1119,19.54,20.79,21.29,2020,1,25
1120,19.54,20.78,21.29,2020,1,26
1121,19.54,20.76,21.29,2020,1,27
1122,19.54,20.75,21.29,2020,1,28
1123,19.53,20.73,21.27,2020,1,29
1124,19.51,20.7,21.25,2020,1,30
1125,19.48,20.66,21.24,2020,1,31
1126,19.45,20.63,21.19,2020,2,1
1127,19.44,20.61,21.18,2020,2,2
1128,19.43,20.6,21.17,2020,2,3
1129,19.42,20.58,21.15,2020,2,4
1130,19.39,20.55,21.12,2020,2,5
1131,19.34,20.48,21.05,2020,2,6
1132,19.29,20.42,21.02,2020,2,7
1133,19.29,20.42,21.02,2020,2,8
1134,19.28,20.42,21.02,2020,2,9
1135,19.28,20.4,21.01,2020,2,10
1136,19.29,20.41,21.0,2020,2,11
1137,19.29,20.41,20.99,2020,2,12
1138,19.29,20.4,20.97,2020,2,13
1139,19.31,20.43,20.98,2020,2,14
1140,19.35,20.44,20.98,2020,2,15
1141,19.35,20.44,20.99,2020,2,16
1142,19.36,20.45,20.99,2020,2,17
1143,19.36,20.45,20.98,2020,2,18
1144,19.37,20.45,20.98,2020,2,19
1145,19.4,20.47,20.98,2020,2,20
1146,19.47,20.52,20.99,2020,2,21
1147,19.51,20.58,21.0,2020,2,22
1148,19.52,20.59,21.0,2020,2,23
1149,19.54,20.61,21.0,2020,2,24
1150,19.55,20.63,21.01,2020,2,25
1151,19.56,20.63,21.0,2020,2,26
1152,19.57,20.61,20.98,2020,2,27
1153,19.54,20.56,20.94,2020,2,28
1154,19.5,20.51,20.9,2020,2,29
1155,19.49,20.5,20.89,2020,3,1
1156,19.48,20.49,20.88,2020,3,2
1157,19.45,20.46,20.87,2020,3,3
1158,19.44,20.45,20.87,2020,3,4
1159,19.43,20.44,20.87,2020,3,5
1160,19.43,20.43,20.86,2020,3,6
1161,19.43,20.44,20.85,2020,3,7
1162,19.43,20.43,20.84,2020,3,8
1163,19.42,20.42,20.84,2020,3,9
1164,19.37,20.37,20.8,2020,3,10
1165,19.21,20.23,20.68,2020,3,11
1166,19.05,20.1,20.58,2020,3,12
1167,18.87,20.0,20.5,2020,3,13
1168,18.59,19.78,20.4,2020,3,14
1169,18.52,19.72,20.36,2020,3,15
1170,18.45,19.66,20.33,2020,3,16
1171,18.29,19.55,20.25,2020,3,17
1172,18.05,19.31,20.11,2020,3,18
1173,17.72,19.02,19.96,2020,3,19
1174,17.24,18.58,19.76,2020,3,20
1175,16.95,18.33,19.65,2020,3,21
1176,16.88,18.27,19.61,2020,3,22
1177,16.75,18.15,19.56,2020,3,23
1178,16.45,17.86,19.52,2020,3,24
1179,16.07,17.49,19.46,2020,3,25
1180,15.81,17.26,19.45,2020,3,26
1181,15.66,17.13,19.44,2020,3,27
1182,15.48,16.96,19.37,2020,3,28
1183,15.44,16.93,19.36,2020,3,29
1184,15.34,16.85,19.32,2020,3,30
1185,15.24,16.74,19.28,2020,3,31
1186,15.22,16.72,19.27,2020,4,1
1187,15.15,16.66,19.25,2020,4,2
1188,15.09,16.59,19.2,2020,4,3
1189,15.11,16.59,19.2,2020,4,4
1190,15.12,16.59,19.2,2020,4,5
1191,15.13,16.58,19.2,2020,4,6
1192,15.18,16.61,19.25,2020,4,7
1193,15.19,16.6,19.26,2020,4,8
1194,15.15,16.56,19.23,2020,4,9
1195,15.14,16.54,19.21,2020,4,10
1196,15.14,16.54,19.21,2020,4,11
1197,15.14,16.53,19.2,2020,4,12
1198,15.13,16.52,19.19,2020,4,13
1199,15.12,16.5,19.18,2020,4,14
1200,15.13,16.48,19.16,2020,4,15
1201,15.14,16.48,19.11,2020,4,16
1202,15.15,16.47,19.08,2020,4,17
1203,15.15,16.44,19.06,2020,4,18
1204,15.15,16.43,19.05,2020,4,19
1205,15.14,16.42,19.04,2020,4,20
1206,15.13,16.4,19.03,2020,4,21
1207,15.11,16.37,18.98,2020,4,22
1208,15.03,16.28,18.86,2020,4,23
1209,15.01,16.25,18.77,2020,4,24
1210,15.0,16.23,18.73,2020,4,25
1211,15.0,16.22,18.71,2020,4,26
1212,14.99,16.21,18.68,2020,4,27
1213,14.98,16.2,18.59,2020,4,28
1214,14.97,16.17,18.47,2020,4,29
1215,14.97,16.16,18.4,2020,4,30
1216,15.01,16.18,18.38,2020,5,1
1217,15.06,16.21,18.39,2020,5,2
1218,15.06,16.21,18.38,2020,5,3
1219,15.08,16.22,18.37,2020,5,4
1220,15.14,16.25,18.37,2020,5,5
1221,15.33,16.39,18.39,2020,5,6
1222,15.6,16.59,18.45,2020,5,7
1223,15.77,16.7,18.46,2020,5,8
1224,15.95,16.83,18.45,2020,5,9
1225,15.99,16.86,18.46,2020,5,10
1226,16.06,16.9,18.46,2020,5,11
1227,16.19,17.0,18.49,2020,5,12
1228,16.27,17.05,18.5,2020,5,13
1229,16.3,17.07,18.49,2020,5,14
1230,16.3,17.07,18.48,2020,5,15
1231,16.38,17.13,18.52,2020,5,16
1232,16.39,17.15,18.52,2020,5,17
1233,16.42,17.17,18.53,2020,5,18
1234,16.53,17.25,18.58,2020,5,19
1235,16.68,17.38,18.68,2020,5,20
1236,16.81,17.48,18.73,2020,5,21
1237,16.89,17.54,18.74,2020,5,22
1238,16.92,17.57,18.75,2020,5,23
1239,16.93,17.57,18.76,2020,5,24
1240,16.95,17.58,18.76,2020,5,25
1241,16.97,17.59,18.76,2020,5,26
1242,16.98,17.6,18.76,2020,5,27
1243,16.98,17.6,18.76,2020,5,28
1244,16.98,17.59,18.75,2020,5,29
1245,16.97,17.59,18.73,2020,5,30
1246,16.97,17.59,18.73,2020,5,31
1247,16.98,17.59,18.73,2020,6,1
1248,17.01,17.62,18.74,2020,6,2
1249,17.04,17.63,18.74,2020,6,3
1250,17.08,17.67,18.77,2020,6,4
1251,17.11,17.68,18.77,2020,6,5
1252,17.15,17.71,18.78,2020,6,6
1253,17.16,17.72,18.78,2020,6,7
1254,17.19,17.75,18.78,2020,6,8
1255,17.31,17.85,18.87,2020,6,9
1256,17.39,17.91,18.92,2020,6,10
1257,17.46,17.97,18.97,2020,6,11
1258,17.52,18.02,19.03,2020,6,12
1259,17.52,18.03,19.03,2020,6,13
1260,17.53,18.03,19.03,2020,6,14
1261,17.54,18.04,19.04,2020,6,15
1262,17.56,18.05,19.05,2020,6,16
1263,17.63,18.11,19.1,2020,6,17
1264,17.72,18.19,19.17,2020,6,18
1265,17.79,18.26,19.23,2020,6,19
1266,17.92,18.4,19.33,2020,6,20
1267,17.96,18.44,19.35,2020,6,21
1268,18.01,18.49,19.39,2020,6,22
1269,18.11,18.59,19.45,2020,6,23
1270,18.2,18.66,19.5,2020,6,24
1271,18.27,18.72,19.53,2020,6,25
1272,18.28,18.73,19.54,2020,6,26
1273,18.29,18.74,19.54,2020,6,27
1274,18.29,18.74,19.54,2020,6,28
1275,18.3,18.74,19.54,2020,6,29
1276,18.3,18.75,19.54,2020,6,30
1277,18.35,18.8,19.56,2020,7,1
1278,18.4,18.85,19.58,2020,7,2
1279,18.43,18.88,19.6,2020,7,3
1280,18.46,18.92,19.62,2020,7,4
1281,18.47,18.93,19.62,2020,7,5
1282,18.49,18.95,19.63,2020,7,6
1283,18.52,18.99,19.64,2020,7,7
1284,18.53,19.0,19.66,2020,7,8
1285,18.57,19.04,19.68,2020,7,9
1286,18.63,19.1,19.7,2020,7,10
1287,18.65,19.12,19.71,2020,7,11
1288,18.65,19.12,19.72,2020,7,12
1289,18.65,19.13,19.72,2020,7,13
1290,18.67,19.15,19.73,2020,7,14
1291,18.68,19.16,19.73,2020,7,15
1292,18.67,19.15,19.73,2020,7,16
1293,18.67,19.15,19.73,2020,7,17
1294,18.66,19.14,19.72,2020,7,18
1295,18.66,19.14,19.72,2020,7,19
1296,18.65,19.13,19.7,2020,7,20
1297,18.64,19.12,19.7,2020,7,21
1298,18.64,19.12,19.71,2020,7,22
1299,18.65,19.14,19.74,2020,7,23
1300,18.66,19.15,19.74,2020,7,24
1301,18.66,19.15,19.74,2020,7,25
1302,18.66,19.15,19.74,2020,7,26
1303,18.66,19.15,19.74,2020,7,27
1304,18.66,19.15,19.74,2020,7,28
1305,18.65,19.15,19.74,2020,7,29
1306,18.64,19.13,19.73,2020,7,30
1307,18.61,19.1,19.72,2020,7,31
1308,18.59,19.08,19.71,2020,8,1
1309,18.59,19.08,19.71,2020,8,2
1310,18.58,19.07,19.7,2020,8,3
1311,18.57,19.05,19.7,2020,8,4
1312,18.58,19.07,19.71,2020,8,5
1313,18.59,19.07,19.73,2020,8,6
1314,18.59,19.07,19.73,2020,8,7
1315,18.58,19.06,19.72,2020,8,8
1316,18.57,19.04,19.71,2020,8,9
1317,18.56,19.03,19.71,2020,8,10
1318,18.55,19.03,19.7,2020,8,11
1319,18.55,19.02,19.7,2020,8,12
1320,18.53,19.02,19.7,2020,8,13
1321,18.54,19.02,19.71,2020,8,14
1322,18.53,19.02,19.7,2020,8,15
1323,18.53,19.02,19.7,2020,8,16
1324,18.53,19.01,19.7,2020,8,17
1325,18.53,19.02,19.7,2020,8,18
1326,18.55,19.03,19.7,2020,8,19
1327,18.57,19.05,19.7,2020,8,20
1328,18.58,19.07,19.69,2020,8,21
1329,18.58,19.07,19.68,2020,8,22
1330,18.58,19.08,19.68,2020,8,23
1331,18.59,19.08,19.67,2020,8,24
1332,18.59,19.09,19.66,2020,8,25
1333,18.68,19.19,19.69,2020,8,26
1334,18.75,19.25,19.72,2020,8,27
1335,18.78,19.27,19.72,2020,8,28
1336,18.76,19.25,19.71,2020,8,29
1337,18.76,19.25,19.71,2020,8,30
1338,18.76,19.25,19.71,2020,8,31
1339,18.76,19.24,19.7,2020,9,1
1340,18.74,19.22,19.68,2020,9,2
1341,18.74,19.21,19.67,2020,9,3
1342,18.72,19.2,19.65,2020,9,4
1343,18.71,19.19,19.62,2020,9,5
1344,18.71,19.19,19.62,2020,9,6
1345,18.7,19.19,19.61,2020,9,7
1346,18.68,19.17,19.58,2020,9,8
1347,18.66,19.15,19.56,2020,9,9
1348,18.61,19.1,19.5,2020,9,10
1349,18.56,19.06,19.46,2020,9,11
1350,18.51,19.02,19.41,2020,9,12
1351,18.5,19.01,19.4,2020,9,13
1352,18.48,19.0,19.38,2020,9,14
1353,18.44,18.96,19.35,2020,9,15
1354,18.42,18.95,19.32,2020,9,16
1355,18.4,18.94,19.31,2020,9,17
1356,18.39,18.93,19.28,2020,9,18
1357,18.4,18.94,19.29,2020,9,19
1358,18.41,18.94,19.29,2020,9,20
1359,18.41,18.94,19.28,2020,9,21
1360,18.42,18.95,19.27,2020,9,22
1361,18.41,18.95,19.25,2020,9,23
1362,18.4,18.93,19.22,2020,9,24
1363,18.4,18.92,19.21,2020,9,25
1364,18.43,18.95,19.21,2020,9,26
1365,18.43,18.95,19.2,2020,9,27
1366,18.45,18.97,19.2,2020,9,28
1367,18.56,19.07,19.22,2020,9,29
1368,18.62,19.12,19.23,2020,9,30
1369,18.61,19.1,19.21,2020,10,1
1370,18.59,19.08,19.2,2020,10,2
1371,18.56,19.06,19.18,2020,10,3
1372,18.56,19.06,19.18,2020,10,4
1373,18.54,19.05,19.16,2020,10,5
1374,18.5,19.01,19.12,2020,10,6
1375,18.5,19.01,19.12,2020,10,7
1376,18.53,19.05,19.14,2020,10,8
1377,18.53,19.05,19.14,2020,10,9
1378,18.54,19.05,19.14,2020,10,10
1379,18.54,19.06,19.13,2020,10,11
1380,18.54,19.05,19.13,2020,10,12
1381,18.52,19.04,19.12,2020,10,13
1382,18.5,19.03,19.11,2020,10,14
1383,18.47,19.0,19.09,2020,10,15
1384,18.45,18.98,19.08,2020,10,16
1385,18.43,18.96,19.07,2020,10,17
1386,18.42,18.95,19.07,2020,10,18
1387,18.41,18.94,19.06,2020,10,19
1388,18.36,18.91,19.04,2020,10,20
1389,18.33,18.89,19.03,2020,10,21
1390,18.31,18.87,19.01,2020,10,22
1391,18.27,18.84,18.99,2020,10,23
1392,18.24,18.8,18.97,2020,10,24
1393,18.23,18.8,18.96,2020,10,25
1394,18.22,18.79,18.95,2020,10,26
1395,18.18,18.76,18.93,2020,10,27
1396,18.14,18.72,18.91,2020,10,28
1397,18.11,18.69,18.9,2020,10,29
1398,18.04,18.63,18.86,2020,10,30
1399,17.98,18.58,18.84,2020,10,31
1400,17.96,18.56,18.83,2020,11,1
1401,17.94,18.54,18.82,2020,11,2
1402,17.89,18.5,18.8,2020,11,3
1403,17.84,18.45,18.77,2020,11,4
1404,17.8,18.42,18.77,2020,11,5
1405,17.78,18.41,18.78,2020,11,6
1406,17.77,18.39,18.78,2020,11,7
1407,17.76,18.39,18.78,2020,11,8
1408,17.75,18.38,18.77,2020,11,9
1409,17.71,18.34,18.74,2020,11,10
1410,17.7,18.33,18.75,2020,11,11
1411,17.72,18.35,18.77,2020,11,12
1412,17.71,18.34,18.78,2020,11,13
1413,17.7,18.33,18.78,2020,11,14
1414,17.69,18.33,18.77,2020,11,15
1415,17.69,18.33,18.77,2020,11,16
1416,17.67,18.31,18.76,2020,11,17
1417,17.65,18.29,18.76,2020,11,18
1418,17.64,18.28,18.76,2020,11,19
1419,17.63,18.28,18.77,2020,11,20
1420,17.62,18.26,18.77,2020,11,21
1421,17.61,18.26,18.77,2020,11,22
1422,17.61,18.25,18.77,2020,11,23
1423,17.61,18.25,18.78,2020,11,24
1424,17.62,18.26,18.8,2020,11,25
1425,17.66,18.3,18.86,2020,11,26
1426,17.7,18.33,18.92,2020,11,27
1427,17.73,18.35,18.95,2020,11,28
1428,17.73,18.35,18.95,2020,11,29
1429,17.76,18.36,18.96,2020,11,30
1430,17.78,18.36,18.98,2020,12,1
1431,17.78,18.36,18.99,2020,12,2
1432,17.77,18.34,18.98,2020,12,3
1433,17.76,18.34,18.98,2020,12,4
1434,17.76,18.35,18.99,2020,12,5
1435,17.75,18.34,18.99,2020,12,6
1436,17.75,18.34,18.98,2020,12,7
1437,17.76,18.34,18.99,2020,12,8
1438,17.75,18.34,18.99,2020,12,9
1439,17.74,18.34,18.99,2020,12,10
1440,17.75,18.34,19.0,2020,12,11
1441,17.78,18.37,19.03,2020,12,12
1442,17.78,18.37,19.04,2020,12,13
1443,17.79,18.38,19.05,2020,12,14
1444,17.82,18.41,19.08,2020,12,15
1445,17.86,18.44,19.12,2020,12,16
1446,17.87,18.45,19.16,2020,12,17
1447,17.9,18.47,19.19,2020,12,18
1448,17.97,18.53,19.23,2020,12,19
1449,17.98,18.54,19.23,2020,12,20
1450,18.0,18.56,19.25,2020,12,21
1451,18.06,18.61,19.29,2020,12,22
1452,18.09,18.63,19.32,2020,12,23
1453,18.1,18.64,19.33,2020,12,24
1454,18.12,18.65,19.34,2020,12,25
1455,18.12,18.66,19.34,2020,12,26
1456,18.12,18.66,19.35,2020,12,27
1457,18.13,18.67,19.35,2020,12,28
1458,18.14,18.68,19.37,2020,12,29
1459,18.15,18.69,19.38,2020,12,30
1460,18.16,18.7,19.39,2020,12,31
1461,18.21,18.75,19.42,2021,1,1
1462,18.25,18.79,19.44,2021,1,2
1463,18.26,18.8,19.45,2021,1,3
1464,18.29,18.83,19.46,2021,1,4
1465,18.35,18.88,19.49,2021,1,5
1466,18.38,18.9,19.51,2021,1,6
1467,18.47,18.99,19.58,2021,1,7
1468,18.56,19.07,19.64,2021,1,8
1469,18.64,19.15,19.68,2021,1,9
1470,18.65,19.16,19.69,2021,1,10
1471,18.7,19.2,19.72,2021,1,11
1472,18.85,19.36,19.83,2021,1,12
1473,18.96,19.46,19.89,2021,1,13
1474,19.04,19.54,19.94,2021,1,14
1475,19.09,19.59,19.97,2021,1,15
1476,19.13,19.63,19.99,2021,1,16
1477,19.13,19.64,20.0,2021,1,17
1478,19.15,19.65,20.01,2021,1,18
1479,19.17,19.67,20.03,2021,1,19
1480,19.18,19.68,20.04,2021,1,20
1481,19.19,19.7,20.05,2021,1,21
1482,19.2,19.71,20.05,2021,1,22
1483,19.22,19.73,20.06,2021,1,23
1484,19.22,19.73,20.06,2021,1,24
1485,19.23,19.74,20.07,2021,1,25
1486,19.26,19.77,20.08,2021,1,26
1487,19.31,19.82,20.12,2021,1,27
1488,19.35,19.86,20.14,2021,1,28
1489,19.38,19.9,20.17,2021,1,29
1490,19.42,19.93,20.2,2021,1,30
1491,19.43,19.93,20.2,2021,1,31
1492,19.44,19.94,20.21,2021,2,1
1493,19.45,19.95,20.22,2021,2,2
1494,19.47,19.97,20.24,2021,2,3
1495,19.53,20.03,20.32,2021,2,4
1496,19.58,20.08,20.39,2021,2,5
1497,19.61,20.12,20.46,2021,2,6
1498,19.62,20.12,20.47,2021,2,7
1499,19.63,20.14,20.5,2021,2,8
1500,19.66,20.17,20.55,2021,2,9
1501,19.68,20.19,20.61,2021,2,10
1502,19.7,20.21,20.66,2021,2,11
1503,19.73,20.24,20.7,2021,2,12
1504,19.74,20.26,20.72,2021,2,13
1505,19.75,20.26,20.72,2021,2,14
1506,19.76,20.27,20.73,2021,2,15
1507,19.77,20.28,20.77,2021,2,16
1508,19.78,20.3,20.79,2021,2,17
1509,19.82,20.4,20.89,2021,2,18
1510,19.87,20.54,20.96,2021,2,19
1511,19.89,20.63,21.01,2021,2,20
1512,19.9,20.65,21.02,2021,2,21
1513,19.91,20.69,21.04,2021,2,22
1514,19.93,20.81,21.08,2021,2,23
1515,19.94,20.94,21.11,2021,2,24
1516,19.95,21.05,21.14,2021,2,25
1517,19.97,21.12,21.17,2021,2,26
1518,19.97,21.18,21.19,2021,2,27
1519,19.98,21.19,21.2,2021,2,28
1520,19.98,21.22,21.22,2021,3,1
1521,20.0,21.28,21.24,2021,3,2
1522,20.01,21.32,21.27,2021,3,3
1523,20.01,21.36,21.29,2021,3,4
1524,20.02,21.39,21.31,2021,3,5
1525,20.03,21.41,21.33,2021,3,6
1526,20.02,21.42,21.33,2021,3,7
1527,20.03,21.43,21.35,2021,3,8
1528,20.04,21.45,21.36,2021,3,9
1529,20.05,21.48,21.38,2021,3,10
1530,20.08,21.53,21.42,2021,3,11
1531,20.1,21.57,21.44,2021,3,12
1532,20.11,21.59,21.46,2021,3,13
1533,20.11,21.61,21.47,2021,3,14
1534,20.12,21.62,21.47,2021,3,15
1535,20.13,21.64,21.48,2021,3,16
1536,20.14,21.66,21.5,2021,3,17
1537,20.15,21.68,21.52,2021,3,18
1538,20.16,21.7,21.53,2021,3,19
1539,20.16,21.71,21.53,2021,3,20
1540,20.16,21.72,21.53,2021,3,21
1541,20.16,21.72,21.52,2021,3,22
1542,20.17,21.73,21.49,2021,3,23
1543,20.17,21.75,21.49,2021,3,24
1544,20.17,21.75,21.46,2021,3,25
1545,20.17,21.74,21.46,2021,3,26
1546,20.16,21.74,21.47,2021,3,27
1547,20.16,21.75,21.47,2021,3,28
1548,20.16,21.76,21.47,2021,3,29
1549,20.16,21.78,21.49,2021,3,30
1550,20.2,21.82,21.51,2021,3,31
1551,20.21,21.85,21.51,2021,4,1
1552,20.21,21.85,21.51,2021,4,2
1553,20.21,21.85,21.51,2021,4,3
1554,20.22,21.86,21.51,2021,4,4
1555,20.22,21.86,21.51,2021,4,5
1556,20.21,21.86,21.51,2021,4,6
1557,20.2,21.86,21.5,2021,4,7
1558,20.2,21.86,21.5,2021,4,8
1559,20.19,21.85,21.49,2021,4,9
1560,20.17,21.84,21.49,2021,4,10
1561,20.18,21.84,21.49,2021,4,11
1562,20.18,21.83,21.48,2021,4,12
1563,20.16,21.83,21.49,2021,4,13
1564,20.15,21.83,21.48,2021,4,14
1565,20.14,21.83,21.49,2021,4,15
1566,20.16,21.86,21.53,2021,4,16
1567,20.2,21.91,21.57,2021,4,17
1568,20.19,21.91,21.58,2021,4,18
1569,20.2,21.92,21.59,2021,4,19
1570,20.21,21.93,21.61,2021,4,20
1571,20.21,21.94,21.62,2021,4,21
1572,20.2,21.94,21.62,2021,4,22
1573,20.18,21.93,21.62,2021,4,23
1574,20.17,21.92,21.6,2021,4,24
1575,20.17,21.92,21.61,2021,4,25
1576,20.17,21.92,21.61,2021,4,26
1577,20.17,21.92,21.6,2021,4,27
1578,20.16,21.92,21.6,2021,4,28
1579,20.18,21.93,21.62,2021,4,29
1580,20.19,21.94,21.63,2021,4,30
1581,20.2,21.95,21.64,2021,5,1
1582,20.2,21.96,21.65,2021,5,2
1583,20.2,21.96,21.65,2021,5,3
1584,20.21,21.97,21.66,2021,5,4
1585,20.22,21.97,21.67,2021,5,5
1586,20.22,21.97,21.67,2021,5,6
1587,20.23,21.98,21.67,2021,5,7
1588,20.23,21.99,21.68,2021,5,8
1589,20.23,21.98,21.68,2021,5,9
1590,20.23,21.99,21.68,2021,5,10
1591,20.24,22.0,21.69,2021,5,11
1592,20.25,22.01,21.7,2021,5,12
1593,20.25,22.02,21.7,2021,5,13
1594,20.25,22.03,21.7,2021,5,14
1595,20.26,22.03,21.7,2021,5,15
1596,20.25,22.03,21.7,2021,5,16
1597,20.25,22.03,21.7,2021,5,17
1598,20.26,22.03,21.7,2021,5,18
1599,20.25,22.04,21.7,2021,5,19
1600,20.25,22.05,21.71,2021,5,20
1601,20.23,22.05,21.71,2021,5,21
1602,20.21,22.04,21.69,2021,5,22
1603,20.2,22.05,21.69,2021,5,23
1604,20.19,22.04,21.69,2021,5,24
1605,20.18,22.04,21.67,2021,5,25
1606,20.18,22.04,21.68,2021,5,26
1607,20.19,22.04,21.68,2021,5,27
1608,20.2,22.04,21.68,2021,5,28
1609,20.22,22.05,21.69,2021,5,29
1610,20.22,22.05,21.69,2021,5,30
1611,20.22,22.04,21.69,2021,5,31
1612,20.23,22.05,21.69,2021,6,1
1613,20.24,22.06,21.7,2021,6,2
1614,20.24,22.1,21.71,2021,6,3
1615,20.24,22.11,21.71,2021,6,4
1616,20.25,22.11,21.72,2021,6,5
1617,20.24,22.11,21.72,2021,6,6
1618,20.25,22.11,21.72,2021,6,7
1619,20.25,22.11,21.72,2021,6,8
1620,20.25,22.12,21.73,2021,6,9
1621,20.25,22.11,21.73,2021,6,10
1622,20.25,22.12,21.73,2021,6,11
1623,20.25,22.12,21.73,2021,6,12
1624,20.24,22.12,21.73,2021,6,13
1625,20.25,22.13,21.73,2021,6,14
1626,20.24,22.12,21.72,2021,6,15
1627,20.25,22.13,21.72,2021,6,16
1628,20.25,22.14,21.73,2021,6,17
1629,20.25,22.15,21.73,2021,6,18
1630,20.25,22.15,21.72,2021,6,19
1631,20.25,22.15,21.72,2021,6,20
1632,20.29,22.15,21.72,2021,6,21
1633,20.3,22.15,21.74,2021,6,22
1634,20.31,22.16,21.76,2021,6,23
1635,20.32,22.16,21.77,2021,6,24
1636,20.33,22.15,21.78,2021,6,25
1637,20.33,22.16,21.78,2021,6,26
1638,20.33,22.15,21.78,2021,6,27
1639,20.34,22.16,21.78,2021,6,28
1640,20.32,22.16,21.75,2021,6,29
1641,20.28,22.17,21.73,2021,6,30
1642,20.27,22.18,21.71,2021,7,1
1643,20.25,22.17,21.7,2021,7,2
1644,20.27,22.18,21.73,2021,7,3
1645,20.27,22.18,21.73,2021,7,4
1646,20.28,22.19,21.73,2021,7,5
1647,20.3,22.2,21.75,2021,7,6
1648,20.3,22.2,21.75,2021,7,7
1649,20.31,22.2,21.74,2021,7,8
1650,20.3,22.2,21.73,2021,7,9
1651,20.29,22.2,21.73,2021,7,10
1652,20.29,22.2,21.73,2021,7,11
1653,20.29,22.2,21.73,2021,7,12
1654,20.29,22.21,21.72,2021,7,13
1655,20.28,22.21,21.72,2021,7,14
1656,20.3,22.21,21.73,2021,7,15
1657,20.29,22.21,21.72,2021,7,16
1658,20.28,22.21,21.72,2021,7,17
1659,20.27,22.2,21.72,2021,7,18
1660,20.27,22.2,21.72,2021,7,19
1661,20.26,22.2,21.72,2021,7,20
1662,20.23,22.21,21.69,2021,7,21
1663,20.2,22.2,21.66,2021,7,22
1664,20.2,22.21,21.67,2021,7,23
1665,20.25,22.21,21.72,2021,7,24
1666,20.26,22.22,21.73,2021,7,25
1667,20.29,22.23,21.75,2021,7,26
1668,20.32,22.24,21.78,2021,7,27
1669,20.33,22.24,21.8,2021,7,28
1670,20.35,22.25,21.81,2021,7,29
1671,20.36,22.25,21.83,2021,7,30
1672,20.37,22.26,21.84,2021,7,31
