,WEI,WEI29,WEI28,Year,Month,Day
0,1.4,1.42,1.41,2008,1,5
1,1.43,1.46,1.45,2008,1,12
2,1.38,1.4,1.4,2008,1,19
3,0.95,0.96,0.95,2008,1,26
4,0.71,0.73,0.72,2008,2,2
5,0.77,0.78,0.77,2008,2,9
6,1.16,1.18,1.17,2008,2,16
7,0.89,0.91,0.9,2008,2,23
8,0.93,0.95,0.94,2008,3,1
9,0.51,0.52,0.51,2008,3,8
10,0.65,0.66,0.65,2008,3,15
11,0.72,0.73,0.72,2008,3,22
12,0.95,0.96,0.95,2008,3,29
13,1.04,1.06,1.05,2008,4,5
14,0.83,0.85,0.84,2008,4,12
15,0.97,0.99,0.98,2008,4,19
16,0.45,0.46,0.46,2008,4,26
17,0.47,0.48,0.47,2008,5,3
18,0.51,0.52,0.51,2008,5,10
19,0.44,0.45,0.44,2008,5,17
20,0.4,0.41,0.4,2008,5,24
21,0.4,0.41,0.4,2008,5,31
22,0.5,0.51,0.5,2008,6,7
23,0.33,0.34,0.33,2008,6,14
24,0.13,0.14,0.13,2008,6,21
25,0.5,0.51,0.5,2008,6,28
26,0.85,0.87,0.86,2008,7,5
27,0.29,0.3,0.29,2008,7,12
28,0.1,0.11,0.1,2008,7,19
29,0.15,0.16,0.15,2008,7,26
30,0.24,0.25,0.24,2008,8,2
31,0.08,0.09,0.08,2008,8,9
32,-0.04,-0.03,-0.04,2008,8,16
33,0.0,0.01,0.0,2008,8,23
34,0.06,0.06,0.05,2008,8,30
35,-0.04,-0.03,-0.04,2008,9,6
36,-0.38,-0.38,-0.39,2008,9,13
37,-0.75,-0.75,-0.76,2008,9,20
38,-0.86,-0.86,-0.88,2008,9,27
39,-0.88,-0.88,-0.89,2008,10,4
40,-0.97,-0.97,-0.98,2008,10,11
41,-0.93,-0.93,-0.95,2008,10,18
42,-1.0,-1.01,-1.02,2008,10,25
43,-1.09,-1.09,-1.1,2008,11,1
44,-1.68,-1.69,-1.7,2008,11,8
45,-2.11,-2.13,-2.14,2008,11,15
46,-1.25,-1.26,-1.27,2008,11,22
47,-2.54,-2.56,-2.58,2008,11,29
48,-2.53,-2.55,-2.57,2008,12,6
49,-2.39,-2.41,-2.42,2008,12,13
50,-2.94,-2.97,-2.98,2008,12,20
51,-2.83,-2.86,-2.87,2008,12,27
52,-3.14,-3.16,-3.18,2009,1,3
53,-3.25,-3.28,-3.29,2009,1,10
54,-3.27,-3.3,-3.32,2009,1,17
55,-2.93,-2.95,-2.97,2009,1,24
56,-3.26,-3.29,-3.31,2009,1,31
57,-3.22,-3.25,-3.27,2009,2,7
58,-3.58,-3.61,-3.63,2009,2,14
59,-3.68,-3.71,-3.72,2009,2,21
60,-3.9,-3.93,-3.95,2009,2,28
61,-3.54,-3.57,-3.59,2009,3,7
62,-3.48,-3.51,-3.52,2009,3,14
63,-3.21,-3.23,-3.25,2009,3,21
64,-3.59,-3.62,-3.64,2009,3,28
65,-3.38,-3.4,-3.42,2009,4,4
66,-3.41,-3.44,-3.45,2009,4,11
67,-3.71,-3.74,-3.76,2009,4,18
68,-3.39,-3.42,-3.44,2009,4,25
69,-3.34,-3.37,-3.38,2009,5,2
70,-3.51,-3.54,-3.56,2009,5,9
71,-3.43,-3.45,-3.47,2009,5,16
72,-3.32,-3.34,-3.36,2009,5,23
73,-3.46,-3.49,-3.5,2009,5,30
74,-3.72,-3.76,-3.77,2009,6,6
75,-3.66,-3.69,-3.71,2009,6,13
76,-3.47,-3.5,-3.52,2009,6,20
77,-3.66,-3.69,-3.7,2009,6,27
78,-3.26,-3.28,-3.3,2009,7,4
79,-3.53,-3.56,-3.58,2009,7,11
80,-3.34,-3.37,-3.38,2009,7,18
81,-3.38,-3.41,-3.43,2009,7,25
82,-3.08,-3.11,-3.12,2009,8,1
83,-3.02,-3.05,-3.06,2009,8,8
84,-2.72,-2.75,-2.76,2009,8,15
85,-2.64,-2.66,-2.68,2009,8,22
86,-2.56,-2.58,-2.59,2009,8,29
87,-2.07,-2.08,-2.09,2009,9,5
88,-2.24,-2.26,-2.27,2009,9,12
89,-1.67,-1.68,-1.69,2009,9,19
90,-1.58,-1.59,-1.6,2009,9,26
91,-1.31,-1.32,-1.33,2009,10,3
92,-1.05,-1.05,-1.06,2009,10,10
93,-0.94,-0.95,-0.96,2009,10,17
94,-0.72,-0.72,-0.73,2009,10,24
95,-0.4,-0.4,-0.41,2009,10,31
96,-0.04,-0.04,-0.05,2009,11,7
97,0.43,0.44,0.43,2009,11,14
98,0.77,0.79,0.78,2009,11,21
99,1.29,1.31,1.3,2009,11,28
100,1.02,1.04,1.03,2009,12,5
101,1.19,1.21,1.2,2009,12,12
102,2.1,2.13,2.12,2009,12,19
103,2.33,2.37,2.36,2009,12,26
104,1.81,1.84,1.83,2010,1,2
105,1.78,1.8,1.79,2010,1,9
106,1.93,1.95,1.95,2010,1,16
107,1.86,1.88,1.87,2010,1,23
108,2.22,2.25,2.25,2010,1,30
109,2.55,2.58,2.58,2010,2,6
110,2.52,2.56,2.55,2010,2,13
111,3.09,3.13,3.12,2010,2,20
112,3.36,3.4,3.39,2010,2,27
113,3.48,3.52,3.52,2010,3,6
114,3.46,3.5,3.5,2010,3,13
115,3.4,3.44,3.44,2010,3,20
116,3.91,3.96,3.96,2010,3,27
117,3.65,3.69,3.69,2010,4,3
118,3.66,3.7,3.7,2010,4,10
119,3.82,3.87,3.86,2010,4,17
120,3.87,3.92,3.92,2010,4,24
121,4.09,4.14,4.14,2010,5,1
122,4.27,4.32,4.31,2010,5,8
123,4.12,4.17,4.17,2010,5,15
124,3.82,3.87,3.87,2010,5,22
125,4.57,4.63,4.62,2010,5,29
126,4.08,4.13,4.13,2010,6,5
127,3.99,4.04,4.04,2010,6,12
128,4.15,4.2,4.2,2010,6,19
129,4.06,4.12,4.11,2010,6,26
130,4.42,4.47,4.47,2010,7,3
131,3.57,3.62,3.61,2010,7,10
132,3.68,3.72,3.72,2010,7,17
133,4.03,4.08,4.07,2010,7,24
134,3.74,3.79,3.78,2010,7,31
135,3.65,3.69,3.69,2010,8,7
136,3.56,3.6,3.6,2010,8,14
137,3.66,3.71,3.7,2010,8,21
138,3.54,3.58,3.58,2010,8,28
139,3.77,3.82,3.81,2010,9,4
140,3.53,3.58,3.57,2010,9,11
141,3.33,3.37,3.37,2010,9,18
142,3.54,3.59,3.58,2010,9,25
143,3.28,3.32,3.31,2010,10,2
144,2.99,3.03,3.02,2010,10,9
145,3.19,3.23,3.23,2010,10,16
146,3.44,3.49,3.48,2010,10,23
147,3.23,3.27,3.26,2010,10,30
148,3.27,3.31,3.31,2010,11,6
149,3.15,3.19,3.19,2010,11,13
150,3.03,3.07,3.06,2010,11,20
151,3.2,3.24,3.24,2010,11,27
152,3.4,3.45,3.44,2010,12,4
153,3.13,3.17,3.17,2010,12,11
154,3.0,3.04,3.03,2010,12,18
155,3.86,3.91,3.9,2010,12,25
156,3.3,3.35,3.34,2011,1,1
157,3.01,3.05,3.04,2011,1,8
158,3.0,3.04,3.03,2011,1,15
159,2.88,2.92,2.91,2011,1,22
160,3.0,3.04,3.03,2011,1,29
161,2.69,2.73,2.72,2011,2,5
162,3.09,3.13,3.12,2011,2,12
163,2.93,2.97,2.97,2011,2,19
164,2.79,2.82,2.82,2011,2,26
165,2.71,2.75,2.74,2011,3,5
166,2.74,2.78,2.77,2011,3,12
167,2.79,2.83,2.82,2011,3,19
168,2.54,2.58,2.57,2011,3,26
169,2.72,2.76,2.75,2011,4,2
170,2.84,2.88,2.87,2011,4,9
171,2.78,2.82,2.81,2011,4,16
172,2.65,2.69,2.68,2011,4,23
173,2.21,2.24,2.23,2011,4,30
174,2.03,2.06,2.06,2011,5,7
175,2.4,2.43,2.42,2011,5,14
176,2.29,2.32,2.32,2011,5,21
177,2.16,2.19,2.18,2011,5,28
178,2.33,2.36,2.35,2011,6,4
179,2.24,2.27,2.27,2011,6,11
180,2.23,2.26,2.25,2011,6,18
181,1.95,1.98,1.97,2011,6,25
182,2.36,2.4,2.39,2011,7,2
183,2.16,2.2,2.19,2011,7,9
184,2.08,2.11,2.11,2011,7,16
185,2.07,2.1,2.09,2011,7,23
186,2.43,2.46,2.45,2011,7,30
187,2.47,2.5,2.5,2011,8,6
188,1.99,2.02,2.01,2011,8,13
189,1.93,1.96,1.95,2011,8,20
190,2.15,2.18,2.17,2011,8,27
191,2.02,2.05,2.04,2011,9,3
192,1.93,1.96,1.95,2011,9,10
193,1.99,2.02,2.02,2011,9,17
194,1.91,1.94,1.93,2011,9,24
195,2.21,2.24,2.23,2011,10,1
196,2.29,2.32,2.31,2011,10,8
197,2.1,2.13,2.12,2011,10,15
198,1.8,1.82,1.82,2011,10,22
199,2.19,2.22,2.21,2011,10,29
200,2.05,2.08,2.07,2011,11,5
201,2.1,2.13,2.13,2011,11,12
202,2.0,2.03,2.02,2011,11,19
203,2.03,2.06,2.05,2011,11,26
204,1.86,1.88,1.87,2011,12,3
205,1.7,1.73,1.72,2011,12,10
206,2.23,2.26,2.25,2011,12,17
207,2.25,2.28,2.27,2011,12,24
208,1.83,1.85,1.84,2011,12,31
209,1.57,1.59,1.58,2012,1,7
210,1.61,1.63,1.63,2012,1,14
211,1.95,1.98,1.97,2012,1,21
212,1.44,1.46,1.45,2012,1,28
213,1.7,1.73,1.72,2012,2,4
214,1.73,1.76,1.75,2012,2,11
215,1.63,1.65,1.64,2012,2,18
216,1.81,1.84,1.83,2012,2,25
217,1.73,1.76,1.75,2012,3,3
218,1.89,1.91,1.91,2012,3,10
219,1.61,1.64,1.63,2012,3,17
220,1.99,2.01,2.01,2012,3,24
221,2.2,2.23,2.22,2012,3,31
222,2.21,2.24,2.23,2012,4,7
223,2.02,2.05,2.05,2012,4,14
224,2.01,2.04,2.03,2012,4,21
225,2.42,2.45,2.44,2012,4,28
226,2.56,2.6,2.59,2012,5,5
227,2.16,2.19,2.19,2012,5,12
228,2.12,2.15,2.14,2012,5,19
229,2.32,2.35,2.34,2012,5,26
230,2.03,2.06,2.05,2012,6,2
231,2.01,2.03,2.03,2012,6,9
232,1.98,2.01,2.0,2012,6,16
233,2.12,2.15,2.14,2012,6,23
234,2.23,2.26,2.26,2012,6,30
235,2.18,2.22,2.21,2012,7,7
236,1.93,1.96,1.95,2012,7,14
237,1.81,1.83,1.83,2012,7,21
238,1.87,1.9,1.89,2012,7,28
239,2.1,2.13,2.13,2012,8,4
240,2.23,2.26,2.25,2012,8,11
241,1.98,2.01,2.0,2012,8,18
242,1.78,1.81,1.8,2012,8,25
243,2.21,2.24,2.24,2012,9,1
244,2.31,2.34,2.33,2012,9,8
245,2.09,2.12,2.11,2012,9,15
246,2.02,2.05,2.04,2012,9,22
247,2.14,2.17,2.16,2012,9,29
248,2.12,2.15,2.14,2012,10,6
249,2.08,2.11,2.1,2012,10,13
250,2.01,2.04,2.03,2012,10,20
251,1.94,1.97,1.96,2012,10,27
252,1.43,1.45,1.44,2012,11,3
253,1.53,1.56,1.55,2012,11,10
254,2.01,2.04,2.03,2012,11,17
255,2.27,2.3,2.29,2012,11,24
256,1.98,2.0,2.0,2012,12,1
257,1.63,1.66,1.65,2012,12,8
258,1.99,2.02,2.01,2012,12,15
259,2.24,2.27,2.26,2012,12,22
260,2.07,2.1,2.09,2012,12,29
261,2.22,2.25,2.25,2013,1,5
262,2.33,2.36,2.35,2013,1,12
263,2.17,2.2,2.2,2013,1,19
264,2.39,2.42,2.42,2013,1,26
265,2.2,2.23,2.22,2013,2,2
266,1.95,1.98,1.97,2013,2,9
267,2.1,2.13,2.13,2013,2,16
268,2.04,2.07,2.06,2013,2,23
269,2.05,2.08,2.07,2013,3,2
270,1.85,1.88,1.87,2013,3,9
271,1.92,1.95,1.94,2013,3,16
272,1.9,1.93,1.92,2013,3,23
273,1.68,1.7,1.69,2013,3,30
274,1.76,1.78,1.77,2013,4,6
275,1.59,1.62,1.61,2013,4,13
276,1.89,1.92,1.91,2013,4,20
277,1.65,1.67,1.67,2013,4,27
278,1.54,1.57,1.56,2013,5,4
279,1.68,1.7,1.7,2013,5,11
280,2.04,2.07,2.06,2013,5,18
281,1.69,1.71,1.71,2013,5,25
282,2.07,2.1,2.09,2013,6,1
283,1.8,1.82,1.81,2013,6,8
284,2.17,2.2,2.19,2013,6,15
285,2.12,2.15,2.14,2013,6,22
286,2.29,2.32,2.31,2013,6,29
287,2.23,2.26,2.25,2013,7,6
288,2.16,2.19,2.18,2013,7,13
289,2.35,2.38,2.37,2013,7,20
290,2.1,2.13,2.12,2013,7,27
291,2.11,2.14,2.13,2013,8,3
292,2.08,2.11,2.11,2013,8,10
293,2.12,2.15,2.14,2013,8,17
294,2.37,2.4,2.4,2013,8,24
295,2.59,2.63,2.62,2013,8,31
296,2.66,2.7,2.69,2013,9,7
297,2.7,2.74,2.73,2013,9,14
298,2.33,2.36,2.36,2013,9,21
299,2.27,2.3,2.29,2013,9,28
300,2.22,2.25,2.24,2013,10,5
301,2.03,2.06,2.05,2013,10,12
302,2.05,2.08,2.07,2013,10,19
303,2.45,2.48,2.47,2013,10,26
304,2.97,3.01,3.0,2013,11,2
305,2.42,2.45,2.44,2013,11,9
306,2.37,2.41,2.4,2013,11,16
307,3.3,3.34,3.33,2013,11,23
308,2.36,2.4,2.39,2013,11,30
309,1.85,1.88,1.87,2013,12,7
310,2.1,2.13,2.12,2013,12,14
311,2.63,2.66,2.66,2013,12,21
312,2.46,2.49,2.49,2013,12,28
313,2.05,2.08,2.08,2014,1,4
314,1.48,1.5,1.5,2014,1,11
315,1.66,1.68,1.67,2014,1,18
316,2.04,2.06,2.06,2014,1,25
317,1.9,1.93,1.92,2014,2,1
318,1.69,1.72,1.71,2014,2,8
319,1.78,1.81,1.8,2014,2,15
320,1.91,1.94,1.93,2014,2,22
321,2.09,2.12,2.11,2014,3,1
322,2.35,2.38,2.37,2014,3,8
323,2.51,2.54,2.54,2014,3,15
324,2.46,2.5,2.49,2014,3,22
325,2.53,2.56,2.56,2014,3,29
326,2.63,2.67,2.66,2014,4,5
327,2.49,2.52,2.51,2014,4,12
328,2.16,2.19,2.18,2014,4,19
329,2.37,2.4,2.4,2014,4,26
330,2.54,2.58,2.57,2014,5,3
331,2.71,2.74,2.73,2014,5,10
332,2.16,2.19,2.18,2014,5,17
333,2.58,2.62,2.61,2014,5,24
334,2.49,2.53,2.52,2014,5,31
335,2.34,2.38,2.37,2014,6,7
336,2.35,2.38,2.38,2014,6,14
337,2.26,2.29,2.28,2014,6,21
338,2.05,2.08,2.07,2014,6,28
339,2.82,2.86,2.85,2014,7,5
340,2.39,2.42,2.42,2014,7,12
341,2.12,2.15,2.14,2014,7,19
342,2.33,2.37,2.36,2014,7,26
343,2.71,2.75,2.74,2014,8,2
344,2.45,2.48,2.47,2014,8,9
345,2.37,2.4,2.4,2014,8,16
346,2.47,2.5,2.5,2014,8,23
347,2.56,2.6,2.59,2014,8,30
348,2.29,2.32,2.32,2014,9,6
349,2.3,2.33,2.32,2014,9,13
350,2.45,2.49,2.48,2014,9,20
351,2.49,2.53,2.52,2014,9,27
352,2.65,2.68,2.68,2014,10,4
353,2.82,2.86,2.85,2014,10,11
354,2.67,2.7,2.7,2014,10,18
355,2.6,2.63,2.63,2014,10,25
356,2.45,2.48,2.48,2014,11,1
357,2.58,2.61,2.61,2014,11,8
358,2.47,2.5,2.5,2014,11,15
359,2.57,2.6,2.59,2014,11,22
360,2.72,2.76,2.75,2014,11,29
361,2.92,2.96,2.96,2014,12,6
362,2.94,2.97,2.97,2014,12,13
363,3.1,3.14,3.13,2014,12,20
364,3.18,3.22,3.22,2014,12,27
365,2.41,2.44,2.43,2015,1,3
366,2.78,2.81,2.81,2015,1,10
367,2.76,2.8,2.79,2015,1,17
368,2.55,2.58,2.58,2015,1,24
369,2.56,2.59,2.59,2015,1,31
370,2.47,2.5,2.49,2015,2,7
371,2.9,2.94,2.94,2015,2,14
372,2.49,2.52,2.51,2015,2,21
373,2.1,2.13,2.12,2015,2,28
374,2.05,2.08,2.07,2015,3,7
375,2.2,2.23,2.22,2015,3,14
376,2.18,2.21,2.2,2015,3,21
377,2.39,2.42,2.42,2015,3,28
378,2.25,2.28,2.27,2015,4,4
379,1.89,1.92,1.91,2015,4,11
380,2.18,2.21,2.21,2015,4,18
381,2.27,2.3,2.29,2015,4,25
382,2.14,2.17,2.16,2015,5,2
383,2.01,2.04,2.03,2015,5,9
384,2.09,2.12,2.11,2015,5,16
385,1.82,1.85,1.84,2015,5,23
386,1.61,1.63,1.62,2015,5,30
387,2.03,2.06,2.05,2015,6,6
388,1.95,1.98,1.97,2015,6,13
389,1.96,1.99,1.99,2015,6,20
390,1.83,1.86,1.85,2015,6,27
391,1.78,1.81,1.8,2015,7,4
392,1.63,1.65,1.64,2015,7,11
393,2.01,2.03,2.03,2015,7,18
394,1.71,1.73,1.72,2015,7,25
395,1.79,1.81,1.8,2015,8,1
396,1.85,1.88,1.87,2015,8,8
397,2.09,2.12,2.11,2015,8,15
398,1.73,1.75,1.74,2015,8,22
399,1.42,1.45,1.44,2015,8,29
400,1.98,2.01,2.0,2015,9,5
401,1.47,1.49,1.48,2015,9,12
402,1.78,1.81,1.8,2015,9,19
403,1.58,1.6,1.59,2015,9,26
404,1.83,1.85,1.85,2015,10,3
405,1.45,1.47,1.47,2015,10,10
406,1.73,1.75,1.75,2015,10,17
407,1.58,1.61,1.6,2015,10,24
408,1.44,1.47,1.46,2015,10,31
409,1.32,1.34,1.33,2015,11,7
410,1.18,1.2,1.19,2015,11,14
411,0.92,0.94,0.93,2015,11,21
412,1.34,1.37,1.36,2015,11,28
413,1.32,1.34,1.33,2015,12,5
414,0.71,0.73,0.72,2015,12,12
415,0.85,0.87,0.86,2015,12,19
416,1.06,1.07,1.06,2015,12,26
417,0.83,0.85,0.84,2016,1,2
418,0.66,0.67,0.66,2016,1,9
419,0.73,0.75,0.74,2016,1,16
420,0.79,0.8,0.79,2016,1,23
421,0.93,0.94,0.93,2016,1,30
422,1.21,1.23,1.22,2016,2,6
423,1.22,1.24,1.23,2016,2,13
424,1.45,1.48,1.47,2016,2,20
425,1.3,1.32,1.31,2016,2,27
426,1.46,1.48,1.47,2016,3,5
427,1.05,1.07,1.06,2016,3,12
428,1.0,1.02,1.01,2016,3,19
429,0.8,0.82,0.81,2016,3,26
430,0.97,0.99,0.98,2016,4,2
431,1.42,1.44,1.44,2016,4,9
432,1.28,1.3,1.29,2016,4,16
433,1.11,1.13,1.12,2016,4,23
434,1.3,1.32,1.31,2016,4,30
435,1.03,1.05,1.04,2016,5,7
436,1.37,1.39,1.38,2016,5,14
437,1.22,1.24,1.23,2016,5,21
438,2.0,2.03,2.02,2016,5,28
439,1.21,1.23,1.22,2016,6,4
440,1.37,1.39,1.38,2016,6,11
441,1.49,1.52,1.51,2016,6,18
442,1.49,1.52,1.51,2016,6,25
443,2.08,2.11,2.1,2016,7,2
444,1.15,1.17,1.16,2016,7,9
445,1.33,1.35,1.34,2016,7,16
446,1.62,1.64,1.64,2016,7,23
447,1.53,1.55,1.54,2016,7,30
448,1.66,1.69,1.68,2016,8,6
449,1.37,1.39,1.38,2016,8,13
450,1.5,1.52,1.51,2016,8,20
451,1.57,1.6,1.59,2016,8,27
452,1.53,1.55,1.54,2016,9,3
453,1.4,1.42,1.41,2016,9,10
454,1.43,1.45,1.44,2016,9,17
455,1.4,1.42,1.42,2016,9,24
456,1.73,1.75,1.75,2016,10,1
457,1.68,1.7,1.7,2016,10,8
458,1.44,1.46,1.45,2016,10,15
459,1.47,1.49,1.48,2016,10,22
460,1.69,1.72,1.71,2016,10,29
461,1.9,1.93,1.92,2016,11,5
462,1.84,1.87,1.86,2016,11,12
463,2.06,2.09,2.08,2016,11,19
464,1.97,2.0,1.99,2016,11,26
465,1.81,1.84,1.83,2016,12,3
466,1.89,1.92,1.91,2016,12,10
467,2.11,2.14,2.13,2016,12,17
468,2.86,2.9,2.9,2016,12,24
469,2.17,2.2,2.19,2016,12,31
470,1.76,1.78,1.77,2017,1,7
471,1.85,1.88,1.87,2017,1,14
472,1.33,1.36,1.35,2017,1,21
473,2.19,2.22,2.21,2017,1,28
474,2.46,2.49,2.48,2017,2,4
475,1.66,1.69,1.68,2017,2,11
476,2.04,2.07,2.06,2017,2,18
477,2.22,2.25,2.25,2017,2,25
478,2.17,2.2,2.19,2017,3,4
479,2.54,2.57,2.56,2017,3,11
480,2.29,2.32,2.31,2017,3,18
481,2.49,2.52,2.52,2017,3,25
482,2.55,2.58,2.57,2017,4,1
483,2.34,2.37,2.36,2017,4,8
484,2.25,2.28,2.27,2017,4,15
485,2.05,2.08,2.07,2017,4,22
486,2.51,2.54,2.53,2017,4,29
487,2.48,2.51,2.5,2017,5,6
488,2.35,2.38,2.37,2017,5,13
489,2.57,2.6,2.6,2017,5,20
490,2.02,2.04,2.04,2017,5,27
491,2.13,2.16,2.16,2017,6,3
492,2.11,2.14,2.13,2017,6,10
493,2.49,2.52,2.51,2017,6,17
494,2.1,2.13,2.12,2017,6,24
495,2.28,2.31,2.3,2017,7,1
496,2.35,2.39,2.38,2017,7,8
497,2.21,2.24,2.23,2017,7,15
498,2.14,2.17,2.16,2017,7,22
499,2.31,2.34,2.33,2017,7,29
500,2.31,2.35,2.34,2017,8,5
501,2.12,2.15,2.14,2017,8,12
502,2.39,2.42,2.41,2017,8,19
503,2.46,2.49,2.48,2017,8,26
504,1.85,1.87,1.87,2017,9,2
505,2.06,2.09,2.09,2017,9,9
506,2.11,2.14,2.14,2017,9,16
507,2.42,2.45,2.45,2017,9,23
508,2.3,2.33,2.33,2017,9,30
509,2.36,2.39,2.38,2017,10,7
510,2.54,2.57,2.56,2017,10,14
511,2.43,2.47,2.46,2017,10,21
512,2.31,2.35,2.34,2017,10,28
513,2.31,2.34,2.33,2017,11,4
514,2.21,2.24,2.23,2017,11,11
515,2.43,2.47,2.46,2017,11,18
516,2.3,2.33,2.32,2017,11,25
517,2.34,2.37,2.37,2017,12,2
518,2.25,2.28,2.27,2017,12,9
519,2.35,2.38,2.37,2017,12,16
520,2.74,2.78,2.77,2017,12,23
521,2.49,2.53,2.52,2017,12,30
522,2.24,2.27,2.27,2018,1,6
523,2.52,2.55,2.54,2018,1,13
524,2.67,2.71,2.7,2018,1,20
525,2.43,2.46,2.45,2018,1,27
526,2.06,2.09,2.09,2018,2,3
527,2.39,2.42,2.42,2018,2,10
528,2.34,2.37,2.36,2018,2,17
529,2.3,2.33,2.32,2018,2,24
530,2.32,2.35,2.35,2018,3,3
531,2.11,2.14,2.13,2018,3,10
532,2.34,2.37,2.36,2018,3,17
533,2.31,2.34,2.33,2018,3,24
534,2.2,2.23,2.22,2018,3,31
535,2.07,2.1,2.09,2018,4,7
536,2.35,2.39,2.38,2018,4,14
537,2.38,2.42,2.41,2018,4,21
538,2.11,2.14,2.13,2018,4,28
539,2.48,2.51,2.51,2018,5,5
540,2.36,2.4,2.39,2018,5,12
541,1.94,1.97,1.96,2018,5,19
542,2.59,2.63,2.62,2018,5,26
543,2.4,2.43,2.43,2018,6,2
544,2.5,2.53,2.53,2018,6,9
545,2.09,2.12,2.11,2018,6,16
546,2.13,2.16,2.15,2018,6,23
547,2.49,2.53,2.52,2018,6,30
548,2.4,2.44,2.43,2018,7,7
549,2.3,2.33,2.33,2018,7,14
550,2.32,2.35,2.34,2018,7,21
551,2.22,2.25,2.24,2018,7,28
552,2.41,2.44,2.43,2018,8,4
553,2.48,2.51,2.51,2018,8,11
554,2.47,2.5,2.5,2018,8,18
555,2.65,2.69,2.68,2018,8,25
556,3.56,3.61,3.6,2018,9,1
557,2.98,3.02,3.01,2018,9,8
558,2.81,2.85,2.85,2018,9,15
559,2.84,2.87,2.87,2018,9,22
560,2.74,2.78,2.77,2018,9,29
561,2.92,2.96,2.96,2018,10,6
562,2.63,2.67,2.66,2018,10,13
563,2.41,2.44,2.44,2018,10,20
564,2.76,2.79,2.79,2018,10,27
565,2.55,2.58,2.57,2018,11,3
566,2.56,2.6,2.59,2018,11,10
567,2.51,2.54,2.53,2018,11,17
568,2.75,2.79,2.78,2018,11,24
569,2.54,2.57,2.57,2018,12,1
570,2.59,2.63,2.62,2018,12,8
571,2.72,2.75,2.74,2018,12,15
572,2.56,2.6,2.59,2018,12,22
573,2.3,2.33,2.32,2018,12,29
574,2.21,2.24,2.24,2019,1,5
575,2.08,2.11,2.1,2019,1,12
576,2.39,2.42,2.42,2019,1,19
577,2.21,2.24,2.23,2019,1,26
578,1.96,1.99,1.98,2019,2,2
579,1.59,1.62,1.61,2019,2,9
580,1.78,1.8,1.79,2019,2,16
581,2.09,2.12,2.11,2019,2,23
582,1.88,1.91,1.9,2019,3,2
583,1.83,1.86,1.85,2019,3,9
584,1.93,1.95,1.95,2019,3,16
585,1.76,1.78,1.77,2019,3,23
586,2.02,2.05,2.04,2019,3,30
587,2.21,2.24,2.23,2019,4,6
588,1.97,2.0,1.99,2019,4,13
589,2.16,2.19,2.18,2019,4,20
590,1.87,1.89,1.89,2019,4,27
591,1.89,1.92,1.91,2019,5,4
592,1.86,1.89,1.88,2019,5,11
593,1.8,1.83,1.82,2019,5,18
594,1.74,1.77,1.76,2019,5,25
595,1.87,1.89,1.88,2019,6,1
596,1.73,1.76,1.75,2019,6,8
597,1.8,1.83,1.82,2019,6,15
598,1.88,1.9,1.9,2019,6,22
599,1.76,1.78,1.78,2019,6,29
600,2.1,2.13,2.13,2019,7,6
601,1.52,1.54,1.53,2019,7,13
602,1.81,1.84,1.83,2019,7,20
603,1.67,1.69,1.69,2019,7,27
604,1.8,1.82,1.82,2019,8,3
605,1.59,1.62,1.61,2019,8,10
606,1.56,1.58,1.58,2019,8,17
607,1.59,1.62,1.61,2019,8,24
608,1.46,1.48,1.47,2019,8,31
609,1.7,1.72,1.71,2019,9,7
610,1.51,1.54,1.53,2019,9,14
611,1.35,1.37,1.37,2019,9,21
612,1.52,1.55,1.54,2019,9,28
613,1.51,1.53,1.52,2019,10,5
614,1.37,1.39,1.38,2019,10,12
615,1.52,1.54,1.53,2019,10,19
616,1.44,1.46,1.45,2019,10,26
617,1.56,1.58,1.57,2019,11,2
618,1.47,1.49,1.48,2019,11,9
619,1.26,1.28,1.28,2019,11,16
620,2.22,2.25,2.24,2019,11,23
621,1.44,1.46,1.45,2019,11,30
622,0.93,0.94,0.93,2019,12,7
623,1.37,1.39,1.38,2019,12,14
624,1.81,1.83,1.83,2019,12,21
625,1.91,1.94,1.94,2019,12,28
626,1.68,1.71,1.7,2020,1,4
627,1.21,1.23,1.21,2020,1,11
628,1.46,1.49,1.48,2020,1,18
629,1.6,1.62,1.61,2020,1,25
630,1.98,2.01,2.0,2020,2,1
631,1.82,1.85,1.84,2020,2,8
632,1.53,1.56,1.55,2020,2,15
633,1.49,1.51,1.5,2020,2,22
634,1.53,1.55,1.54,2020,2,29
635,1.4,1.42,1.41,2020,3,7
636,1.05,1.06,1.06,2020,3,14
637,-3.28,-3.31,-3.33,2020,3,21
638,-6.96,-7.03,-7.06,2020,3,28
639,-8.91,-8.99,-9.03,2020,4,4
640,-10.77,-10.88,-10.93,2020,4,11
641,-11.16,-11.27,-11.32,2020,4,18
642,-11.32,-11.43,-11.48,2020,4,25
643,-11.18,-11.29,-11.35,2020,5,2
644,-10.44,-10.54,-10.57,2020,5,9
645,-10.34,-10.45,-10.47,2020,5,16
646,-9.71,-9.81,-9.84,2020,5,23
647,-9.49,-9.58,-9.58,2020,5,30
648,-9.11,-9.2,-9.21,2020,6,6
649,-8.45,-8.54,-8.55,2020,6,13
650,-7.77,-7.85,-7.87,2020,6,20
651,-7.55,-7.62,-7.64,2020,6,27
652,-7.12,-7.19,-7.21,2020,7,4
653,-6.9,-6.97,-6.99,2020,7,11
654,-7.53,-7.61,-6.65,2020,7,18
655,-7.13,-7.2,-7.24,2020,7,25
656,-6.69,-6.75,,2020,8,1
657,-6.0,-6.05,,2020,8,8
658,-6.08,-6.14,,2020,8,15
659,-5.24,-5.29,,2020,8,22
660,-4.75,-4.79,,2020,8,29
661,-5.01,-5.06,,2020,9,5
662,-5.85,-5.91,,2020,9,12
663,-4.85,-4.89,,2020,9,19
664,-4.73,-4.77,,2020,9,26
665,-4.28,-4.32,,2020,10,3
666,-3.99,-4.03,,2020,10,10
667,-3.98,-4.01,,2020,10,17
668,-3.46,-3.49,,2020,10,24
669,-3.14,-3.16,,2020,10,31
670,-2.92,-2.95,,2020,11,7
671,-2.91,-2.93,,2020,11,14
672,-2.83,-2.86,,2020,11,21
673,-2.05,-2.07,,2020,11,28
674,-2.43,-2.45,,2020,12,5
675,-2.67,-2.69,,2020,12,12
676,-1.9,-1.91,,2020,12,19
677,-0.61,-0.61,,2020,12,26
678,-1.84,-1.85,,2021,1,2
679,-1.61,-1.62,,2021,1,9
680,-1.93,-1.94,,2021,1,16
681,-1.87,-1.88,,2021,1,23
682,-1.87,-1.88,,2021,1,30
683,-1.97,-1.98,,2021,2,6
684,-1.42,-1.43,,2021,2,13
685,-2.64,-2.66,,2021,2,20
686,-1.54,-1.55,,2021,2,27
687,-0.74,-0.74,,2021,3,6
688,-0.33,-0.33,,2021,3,13
689,4.47,4.52,,2021,3,20
690,8.04,8.13,,2021,3,27
691,9.74,9.85,,2021,4,3
692,11.68,11.81,,2021,4,10
693,11.83,11.97,,2021,4,17
694,11.87,12.01,,2021,4,24
695,11.85,11.98,,2021,5,1
696,11.24,11.37,,2021,5,8
697,11.25,11.38,,2021,5,15
698,11.17,11.29,,2021,5,22
699,11.09,11.22,,2021,5,29
700,9.86,9.98,,2021,6,5
701,10.37,10.49,,2021,6,12
702,10.09,10.21,,2021,6,19
703,9.83,9.95,,2021,6,26
704,10.18,10.29,,2021,7,3
705,8.48,8.59,,2021,7,10
706,8.93,8.66,,2021,7,17
707,8.97,8.54,,2021,7,24
708,8.81,,,2021,7,31
709,8.1,,,2021,8,7
710,8.49,,,2021,8,14
711,7.32,,,2021,8,21
