,TOTAL,Construcci√≥n,    Residencial,    No residencial,Maquinaria y equipo,Nacional,Equipo de transporte,"Maquinaria, equipo y otros bienes",Importado,Equipo de transporte,"Maquinaria, equipo y otros bienes",Year,Month
0,59.5178174781345,70.862014215936,73.196444244113,68.792642354849,40.4958304277045,61.5415837063053,63.0504765283949,55.3309937661599,24.7114352537765,10.7367639752581,27.6898651402529,1993,1
1,61.368343721348,73.3420248642542,76.4830616566888,70.5871006271716,42.4291501781952,65.054984532548,69.679165481449,53.8155729106604,25.7789036893821,11.2510231432561,28.9178541017172,1993,2
2,60.950775269456,72.7012468656515,76.2784832687073,70.5336569187865,41.5626917870276,71.0708241639677,75.097569697178,57.9702516059665,23.2627338692459,11.0886264075251,26.6632307609432,1993,3
3,60.2869597187579,71.6886682843009,74.4709835411122,71.1021412866273,42.6649167237295,68.4502129853554,75.5064990022346,56.6019151415043,26.1734616177683,21.0749817907651,27.0558505378605,1993,4
4,61.9012711614021,74.3382584273785,75.5470231842926,72.5302053432612,41.7462184547112,66.4752725096242,73.1738809813492,57.4575891557636,26.4719796445825,26.4935686015402,26.7506686729335,1993,5
5,60.4498721535434,73.4579876296147,73.0803237237129,73.6994248311817,40.3273660842885,62.045822998393,66.6805220262633,56.3797493725034,26.2646481810846,13.3324527220732,27.8620850485955,1993,6
6,60.3535611954211,73.3065414433392,72.0899529824504,75.2183778576384,40.2589421768238,60.8821637652184,67.479309258824,57.150903144053,25.6642738276104,13.9807092708051,27.8475322183049,1993,7
7,61.2806764761989,74.1320852017158,70.2828454572249,77.9928931901142,40.178079297036,61.5912448154036,61.0762483354086,63.3269744621679,25.8547386252019,18.0414940932934,27.006622936401,1993,8
8,62.2746839061759,76.1761773945888,69.9988837383567,82.0599568031008,40.822838990952,63.1871524180947,70.6551612429309,56.2052128385101,25.509300542441,14.8206653757237,27.3998874389246,1993,9
9,62.4731796715181,76.4898559225239,68.3919994734028,84.1924470692857,40.2434226820661,63.6621317323468,70.6085366413171,59.5240140814946,24.6420529483731,9.42144396922406,26.9066116126896,1993,10
10,65.0587275243161,79.5254009202367,68.4295994522664,87.1194765271157,41.3564771676933,65.0026943889877,77.040276996352,55.098020306153,25.4362607112428,17.6307248533162,25.366151760783,1993,11
11,67.895961459352,83.3832064657468,68.7117734590321,90.0558701903788,43.9889700698978,72.7176827068174,87.9599994071176,54.3646590926164,26.7446796327829,22.3658055412077,25.9529659457429,1993,12
12,69.2324369617411,84.1826964617069,71.2825230554671,92.6360467303188,43.5592764887039,65.1789647377181,68.5835465879013,55.636480995854,27.6422842339164,15.4769642192753,30.4187529756176,1994,1
13,70.4577041662603,86.4907773360708,73.6267597183445,95.747730412355,44.7396250315487,64.2537323439529,67.0633026881662,55.7301804206115,30.1133255599261,18.3604601587775,32.8157243351906,1994,2
14,72.3609655275368,89.4933116590825,74.5069622082337,99.5562188698809,45.0552102850646,68.0652559163501,70.8721792691519,57.7874057270454,30.6280401494525,35.8192450579951,31.4835337302527,1994,3
15,73.596707586172,92.0214407837502,73.5264214636264,107.349489742407,44.7533957933487,68.2767166139707,72.1353062042137,60.8245318960833,29.83097339477,20.2916202794675,31.5758300847961,1994,4
16,71.7802974110093,90.3241329728974,72.9105367766462,101.372035110487,42.6324681966056,63.8934168847725,65.603599364086,61.0439611616424,29.4438427876153,13.9533396095115,32.1433310220485,1994,5
17,72.8158603896654,90.3016187340373,72.5681365820091,103.256395738278,45.2854578754812,66.1824415317956,69.7413619236611,61.9955770026188,31.5445287737368,14.562693388026,33.6796381659888,1994,6
18,72.1031320791435,89.4299897286784,72.4106308655948,103.3639141736,45.1277652080888,61.487751555711,63.4207286833643,63.0634559362704,32.5977990625083,32.3820282320302,32.8937324078785,1994,7
19,72.4917679352289,90.2954061885798,74.3429538886235,103.719663385843,44.6027463083366,63.9822277088668,65.9522746390637,63.1064743782487,31.7539324055704,15.83373854612,33.8925742319232,1994,8
20,71.2540985227877,88.5477844985124,75.1297643896771,100.952133435157,43.5998058252535,62.8822908631565,62.2015331932615,64.7513127261004,30.4473609439701,24.3462611436727,31.6898462249479,1994,9
21,71.613197234857,88.5147954044081,76.3897750524405,99.0938636472046,43.8000869829584,58.9226148622608,58.5438962696231,62.6285254824379,33.7643412766611,28.1889338236375,33.9382164464057,1994,10
22,69.524021349034,85.6229490856077,76.203782305684,91.6615581650848,44.6305076631771,59.1190256589882,57.9935624806086,63.3201316620613,35.9292433568036,33.4202515124641,34.525148272397,1994,11
23,66.8605150669388,83.5141649775678,79.0079161921657,82.7438883492634,40.2180690086541,57.8983225975258,55.590387548923204,62.0252246220739,30.371889866193,9.88059336058788,33.099679468214,1994,12
24,56.0069045967723,71.9465691393197,75.4738835417262,68.4972511247308,29.5252439870109,43.7705365314564,27.6193766459353,64.0077385873156,19.2252275892007,10.0371801510636,21.2602509844694,1995,1
25,45.5944256835629,57.5380253853022,65.0864852741208,52.1793337277218,26.2212160107646,39.8584968388342,24.3221780787566,60.3792880511051,16.2000050124204,8.74736783419656,17.8089438706812,1995,2
26,45.1406150521592,56.5844633981461,65.2270039871695,51.7256014728253,26.7294500200843,37.666669256266,21.3335214694501,59.5724059964768,19.8608479008204,9.78941428870044,22.331203451455,1995,3
27,44.4967783763385,57.5500981179686,67.5411871355509,51.2093957633318,23.6961401580669,34.4924933227802,19.205019493555,55.7727311896546,16.6050150866343,6.47656407972042,18.5447367534884,1995,4
28,42.0002062961262,53.2752116878125,64.9555596486239,44.8898164765848,24.950460658257,33.8887660299971,17.4317203642385,54.8527200179729,19.4632169269414,7.49082560223906,21.3078838600667,1995,5
29,42.355635602924,53.3135287704301,66.1534121320079,43.7566678812156,24.8605931861244,32.6291927058354,15.7340232247048,54.0072611237116,19.5240199882534,10.3121535039004,20.8310506190437,1995,6
30,43.0600420599123,53.0863884011804,65.6219569741893,43.5893543013468,26.8721598593243,33.8991021371784,15.8334027484053,53.8287103719001,21.3484204741422,15.79042726812,22.4325574250144,1995,7
31,42.6961315585356,53.537664692034,67.0626160448234,43.6836233860545,25.8321945546965,32.0751813744514,12.9706147476376,55.4906419827827,21.5846748422523,15.1211766171982,22.3726694095127,1995,8
32,43.9746818637406,55.0284685003367,67.7499272804576,45.2170080692368,26.3160589252215,32.8193196854169,13.4059843667608,56.4638627136155,22.0449498496819,15.6042892852911,23.2143807098619,1995,9
33,44.9686307737943,56.4964939538639,68.8440216287069,47.5548112543581,26.2076654998017,34.252078709806,16.3471023111147,56.6944538504058,20.7648283099313,15.9293580768301,21.3560167251413,1995,10
34,46.5491715825348,59.9729449750171,71.9550328771236,51.3036054222094,25.7155123559618,34.8602222000196,13.7163723235508,58.9354302425545,20.137445095898,15.8933904954173,19.9851360368475,1995,11
35,50.6353110898124,65.6592867612839,76.4067662269416,54.8384641386313,26.5987670895004,35.401098822251,16.6609846432567,60.7887452625395,21.4535538901795,17.920868075338,21.3503750309603,1995,12
36,50.788804007877,64.546540003148,74.9046485876905,56.3026232308975,28.8625282216088,38.1698711181997,19.8223079308383,62.1126345945773,22.416683381413,16.6243951920983,23.7968786553691,1996,1
37,48.7176207061579,61.4409556224937,69.9787430133302,55.9441849810266,28.7265706102448,39.6326672668246,22.4193344401485,62.891754694331,22.4885468222461,20.281011834365,23.1695761549041,1996,2
38,48.9605896649789,61.0832486209345,68.4126483611611,58.1268601166168,28.8488595584796,39.1720520989058,23.0521520759514,61.3927889126543,22.3302628691239,19.8354213599146,23.4868114952305,1996,3
39,51.0963122469621,64.0825672980941,67.7943246934379,61.9280983084122,30.3854872089735,41.2310014893482,25.1777629934951,61.3669861763649,23.4482673740271,19.3918301355036,24.1939257793898,1996,4
40,52.0134714108159,65.9995490542191,68.8438721951463,63.7154859991478,31.0443118644005,42.8114844763393,27.7547205947468,62.3420976573791,23.4186149377448,22.744986892154,23.6586515458626,1996,5
41,54.4738126825935,68.7706452265062,69.9270257213931,67.8370893023257,31.3529167670302,44.3562380569511,30.1035929098267,62.8438224824067,22.7544931930658,19.8537098220511,23.4291702207429,1996,6
42,55.8549727553628,71.6725937120823,71.5323157033073,71.5628927964605,31.6698779755958,44.6627012454209,29.929974053773,62.2010732700361,22.3116727439663,18.2852060549326,23.0052340772297,1996,7
43,55.909521921574,70.6050094748678,68.512631044455,72.3141968271614,32.0259925036673,45.9444071848312,33.1804926611093,62.169651911808,22.6905453226521,19.613140427103,22.9631234244164,1996,8
44,56.6383218224417,71.1207499042254,68.6509417731364,73.6126180475509,32.5004490105947,45.2729083243609,33.7388665035507,59.433078971376,23.7214942562402,17.012089368267,24.9331657396171,1996,9
45,58.0499981906495,73.4394473319661,70.2988003801255,75.6566026890871,34.2292450340449,47.2707421036063,35.3054298796998,63.4924073894915,25.8145378308998,20.0581123241416,26.4966719514385,1996,10
46,57.8132553509606,72.5982422972521,69.0374436656402,74.7228146753257,34.4322832166489,47.8229785597698,34.003336069005,64.258204237914,26.2275780291855,16.2744104288907,27.17717411681,1996,11
47,62.0715969927224,78.2997260708249,73.8751701617714,78.58076548164,35.907588250806,48.6445345757099,36.2326421908473,65.4741420030217,28.0363965932528,18.4196523253097,29.4846000227513,1996,12
48,58.4423698557569,72.2505298024334,70.6817107696417,72.9695593779859,36.7048626665212,49.7170071239676,37.3217651345071,64.1667204638845,27.5086977588459,22.4115775803718,28.6072447054922,1997,1
49,57.7646596888935,70.3192182047843,69.3928609844779,72.0169797964282,37.4465036909067,50.374555697585,38.0400791613707,65.8465862975632,27.7948528401305,21.1839078378191,29.1413242352013,1997,2
50,56.9649263349379,68.2422085668561,68.1670472041565,70.0267638636053,37.382521617257,50.548617500077,38.1513632112271,65.9467903657163,29.2029393515959,23.3393179743988,30.6861272899128,1997,3
51,60.5528426815047,74.4738141940751,74.5615462769942,75.4807769563885,39.4968806698877,52.3964374537865,39.3009609199005,69.5173147472331,31.0874521490726,24.3084432745947,32.3580596224006,1997,4
52,62.6400240267037,76.6658179132075,75.9327279248223,76.816112465301,40.6090495537932,54.6557844341516,42.911540542627,69.4268376745191,31.5263965794054,26.8514540790082,32.4625181979826,1997,5
53,63.6897431812915,76.1339257764085,75.1250463109069,76.8433709930514,43.3484436467831,57.4358492013766,45.6817367031433,72.578888134766,33.8593112703364,38.8375008529829,33.4365201056089,1997,6
54,63.6985913943812,76.2356563807204,75.6610724205938,76.5320459344327,44.4584059855339,58.618034718831,48.1035877798236,73.603129883115,34.0127681431848,33.0618634112589,34.1220357415332,1997,7
55,65.4663158294798,78.5126111021189,77.3696917506825,79.1564443908069,44.5336223679289,56.4133737947892,43.2254501892019,73.5677511045408,36.2204094169347,32.1654861080537,36.6852649685805,1997,8
56,65.6312141225968,78.1470143235415,76.3276257751239,79.0771457578433,45.8040549774281,61.2006629902545,51.8094154149082,72.0975231022369,35.7801226973266,41.5331662770987,34.8330649160205,1997,9
57,65.0911535114422,77.1825686630507,75.1535800590847,78.4657554357364,46.5483557317477,60.7176258850018,49.9115321138175,74.9811082817441,37.127495175345,38.8523536504122,36.4671311333935,1997,10
58,65.9107215128881,76.1408350477846,74.1485409177928,77.6038733878921,49.0860524674775,66.1321084554814,52.578579044968,83.8721453203554,38.7318548422193,42.5965519710276,37.3192922274902,1997,11
59,66.472666265375,77.4541994578947,74.336328580457,77.9937515803609,49.1113530977662,62.2122063186688,49.679073728677,78.9409134010816,40.9881763506341,31.9702587499168,42.4387455972314,1997,12
60,66.2906165391342,77.166435240632,73.705370690015,79.6406914017298,48.719169479513,61.9254742195492,47.3042764206678,78.9625405244144,39.8114972247907,45.9338828376794,38.8244946431062,1998,1
61,68.0844120827936,79.7930961227849,76.2718121328215,82.8092750397981,49.2352597287102,63.9600629294779,50.9342397139921,80.0792252689447,38.4456411368401,38.5343107268039,38.4497955473926,1998,2
62,69.1048647235213,79.6203284503103,76.4667343201768,83.0536541927143,51.8854459238549,69.914404168867,58.7149704219014,82.4256164890711,40.5327580527698,41.507667843492,41.1683649640463,1998,3
63,68.4485631066653,79.6415530362126,76.2196512063596,83.6353778449457,49.9059586249524,65.4628002290469,54.7708634125623,79.2999918868257,39.6756938681084,38.7354258877866,39.7538499196949,1998,4
64,69.6837137030192,80.704953393511,76.4021621610275,83.6880552800851,52.3207079787914,68.0400717635901,56.858416136621,82.3574913748821,41.3560263928635,34.9335504258161,42.8392752232354,1998,5
65,68.737527681323,79.8326195020418,74.8940220576948,83.3825825018187,50.8820104955853,65.9975756500097,53.633514617965,81.6290665241436,41.1170769083484,36.2328678859054,42.1807719605146,1998,6
66,69.1147181638385,81.5401144564637,76.4552811537535,85.2636248378408,49.9029473844416,61.9731699983904,45.6151973153728,82.9587140192552,40.7696652982714,23.953885830767,42.947357270038,1998,7
67,69.8897879177982,81.5778133234738,75.9491151162178,85.4798199397698,50.6031928014692,67.1280796734525,56.2490414446991,81.2823149904621,39.4476110505573,25.9242456786972,41.4893922798952,1998,8
68,72.3091778757458,86.5223193917222,80.3901444041723,90.3819830852189,50.8561917105408,66.5142109208474,53.6224682535884,82.853912158992,40.369104490476,29.62506628447,42.0760314998031,1998,9
69,70.862438572665,83.545667416618,77.6235879164232,87.5783421612837,50.7959594762984,68.5956444482821,55.775029781938,84.3484555229733,39.3281052913615,27.1037917160678,41.0966278866889,1998,10
70,68.2111146575775,78.648710414345,72.9074893894215,82.9531249529086,50.6090464779218,66.7771867813888,55.1255671304172,81.7098073514197,41.0880044903947,30.0634862271472,42.6831794798258,1998,11
71,70.9144206269384,83.1510601701777,76.4976417970474,87.4532100553285,51.7684907674303,69.504100487352,56.8705958100763,86.5628915958569,40.3327015660701,28.4497945142389,42.5970239682777,1998,12
72,72.646784836782,85.4201723602848,79.5530417980777,89.5171089467535,52.9082351183542,66.5972571467298,52.5554853692254,83.6326438162398,43.0061527504774,26.0565790017783,45.4371238558079,1999,1
73,72.9980431013103,84.6570702485148,78.3972912930124,88.9439381689844,54.0814511594962,66.1168337230903,52.7649116094036,82.932390221624,45.2710107916742,32.1579463438755,47.5269086873123,1999,2
74,73.2106885838069,85.3969331767591,80.1606877951186,89.3273328504818,55.2497353063806,66.7910988896635,53.1567201883972,82.338727831033,47.4691330100776,35.3918503247262,50.0432993617196,1999,3
75,71.767971321478,81.5211043119446,76.1107890350451,87.5357003826194,53.5283576676114,65.2696393903235,49.8213550386775,86.0023371992605,45.7676396112484,37.7784812578258,47.0662109043953,1999,4
76,72.8334795855931,83.0555622893116,76.8702951784747,87.9075158674374,55.7592652380501,67.7298583971192,53.7048353612738,85.5786757964452,47.7143485880271,48.4056021436423,48.0665308298977,1999,5
77,73.3294110320017,85.8545696487864,79.3585839310293,90.2851727645671,54.6570080842108,66.3915585419448,52.5583318770169,84.8022959545902,46.5871290113866,34.6112090978612,48.6322538862336,1999,6
78,72.5687006193651,83.8115812839138,77.3493430236764,88.7148936955962,54.2754072181773,65.503570721021,51.8472543536022,83.4480409460825,46.3536174600082,42.117866556084,46.5360476319332,1999,7
79,72.9072536052919,83.3393151742484,76.830188607772,87.9216577800813,56.0870221997568,68.0432018685852,53.6163996032,85.8306847598973,47.9217205954098,46.0841480487677,48.3462714459495,1999,8
80,73.8773255301804,85.8165604139804,78.589011627126,90.2484533415122,55.4279361042802,64.8261062118337,52.0405323805884,81.9614721710017,49.3623123915441,42.837489313627,50.2084131545096,1999,9
81,72.8228963321356,84.2881569041154,77.7973284005071,89.2684865449751,55.4205252342195,63.5670746104524,45.8188971590411,85.0809603029823,49.4034793288007,44.1060536328866,50.1227125641562,1999,10
82,73.6866359193611,86.3840720085974,79.4224240091645,91.2889534043115,52.9690086969807,65.5659031702409,50.1710041647004,83.4352929229692,46.6816511304405,41.1191362900858,47.4151962761618,1999,11
83,75.4345165327442,87.722751443677,80.2115266175547,92.9361082172397,56.0972330056077,68.8982571702453,57.5218203359068,84.0483067410036,47.6034895160911,37.1189539732401,49.5954745321849,1999,12
84,77.2426646721229,87.3948739749275,80.9043293507755,91.9676486402377,61.4881026563982,70.5279098566131,57.8618810584946,85.5288214228181,55.355852233474,55.2564806897197,54.5066804977303,2000,1
85,77.3613139806712,89.6864523702816,83.0958152809493,93.8785416124636,58.3329433717877,72.9409069243491,59.0688246471814,90.4488185447102,51.4453566792248,51.6125257680293,51.3923365843584,2000,2
86,75.1137493820417,86.7599202799501,80.06423244977,91.9974283226369,57.0296460773001,74.6228630733276,62.2466048073012,89.6673200904151,45.6236579382603,40.4418389475724,47.1301479886766,2000,3
87,77.5879493309648,86.5230168741651,81.0511071539169,92.2989165078566,61.4852178478824,76.3383359632357,63.8020792203088,92.6050984017223,51.2481923377118,53.6566642274298,50.5971967564191,2000,4
88,77.446724243228,88.7918733960558,82.3298274459526,93.8885850537057,59.6061893493947,73.5447182685164,59.8767301856686,90.6782797639653,50.4153926611351,60.3565018878786,49.5409002078081,2000,5
89,78.0190023730412,88.0368361794147,81.8120128527201,92.4535064069728,61.9249673285913,75.0995711073513,63.2587490684794,90.4904392410429,52.9244174516026,61.8382201776823,51.5270963618971,2000,6
90,77.8088664237667,85.9581679086646,80.6635130787642,89.8908974316192,64.1568153664825,76.5511441656444,65.9319774283241,91.7760466922297,55.2884726876457,44.9885535185261,56.4523094220637,2000,7
91,78.5265961738547,87.5223563060659,82.3744520329069,90.7635280389784,65.0519287436066,75.7727240394842,64.9348849525733,89.1286118661178,58.2663682880206,68.8018376179713,56.7364240829376,2000,8
92,77.1175158332875,85.8098736634331,81.0535678263571,88.4665870295931,63.7160906631031,75.3150558897755,63.8363418116047,90.6272916836373,56.1191395729032,56.7372771789731,55.6913012171972,2000,9
93,77.2369383353431,84.5182891007761,81.2024545416596,87.1253081030333,66.6015491963096,77.0758823761444,63.8304290856199,92.6028720021297,58.8996961680247,61.6989244344955,58.5630564333661,2000,10
94,75.9612238749338,82.9315870524058,80.0417611189915,84.9246219053187,63.8767193147589,73.7478614822041,59.8671871485892,91.5939562665665,59.789567652979,64.0056159609137,58.6638553041762,2000,11
95,74.3501572483332,81.6195640367754,79.6005823256533,83.2458639456381,62.4457370164617,73.7664026068783,60.117338782922,91.8347899103225,54.8202691410824,48.8663017410954,56.2453281815096,2000,12
96,73.2989432794175,81.8379868626692,79.1226398860689,83.6691467452673,61.5153537250745,74.1637586879607,57.9983198962426,93.7407880368728,52.7185788461118,53.6789809074877,51.6878670728722,2001,1
97,72.3895132069315,79.8289016017155,78.2311593040346,80.547321909663,60.7064346041668,71.549127043765,55.4938748337151,92.2893271103076,52.4745390702682,53.649682124165,52.0668739942388,2001,2
98,71.7559669272812,78.9295815485199,78.3148593793868,79.7709368736755,59.5817941847266,71.0720785242106,55.1612644757262,91.2428468021148,52.3810842674024,49.5725757606599,53.709853262652,2001,3
99,69.8578136759546,74.8406155476519,75.5967515251263,75.2388074380109,60.1302405894367,71.1758667491113,55.426797099758,91.2203406401996,52.2080288009159,43.4336361191259,53.5090683300164,2001,4
100,69.6588199730108,77.5800103171226,78.7284563891355,77.4915776403358,57.0042481983836,67.9066710095371,52.5851949368021,87.8899377545689,49.8998078059377,46.7959723795151,51.230234329084,2001,5
101,70.6956937022503,78.229704266219,79.5332597368887,77.3574880721549,58.8813778650642,69.6666899627471,53.6778281809865,89.9817852966498,51.6160191590558,48.0791211374668,52.0982909231161,2001,6
102,72.4535580459184,80.8894457127506,82.8234850781134,79.002793745051,58.6524693672114,69.5075785710397,52.7916041885026,90.21527815457,50.7458513423112,46.9808783846559,51.1553742732583,2001,7
103,71.9506422346223,81.9362796269662,84.5491489812675,79.258929276005,56.587767433661,68.3931955040882,50.6000360209616,90.3351534049752,48.595779792314,41.8085171415348,49.5957887705652,2001,8
104,72.3384135971361,80.977951696556,83.3201187565512,78.2804287839079,58.5084871210463,69.4767998709055,53.5692142082083,91.7083219256115,51.0779977320939,51.6445469292919,50.6307293826943,2001,9
105,69.2449809696631,78.2784672435697,81.3980948060325,76.3296044099676,56.2931282397726,67.6319334845802,52.0772008945504,86.3486731681969,48.5533144082947,46.0151732124672,48.8919542137699,2001,10
106,71.2080167060821,79.4642974062286,82.6283078732039,77.30506326344,57.1426083599336,70.7098378643281,55.805021684652,88.727891226543,49.570498003471,49.2720079663761,49.4421278536561,2001,11
107,72.1807527928612,80.9923254433102,84.4679455649406,78.7651808697721,57.0701799853356,65.9176195337159,50.723819707604,85.7469562692781,51.732162497123,58.9792371505671,50.527045890846,2001,12
108,68.3913084296401,76.7796672967098,80.4922906962081,74.2963116991833,57.0434606485689,66.4354034076088,52.2744075581826,83.8884721410845,50.4698139505997,47.7989323251667,50.1709393193357,2002,1
109,69.7604919722569,76.7092475549973,81.8507877069475,72.3209735329207,58.8507953483426,66.130958475523,52.9656052325217,83.0630998731885,53.0196373472458,66.2495589358834,50.4212593212545,2002,2
110,67.8383901737602,73.8960066704546,77.2721819547763,71.8468778731791,57.9925850733031,69.4229686458484,57.5442307117592,84.5257128907957,49.9902242902592,70.2574005752449,46.7811625354531,2002,3
111,69.9681409448743,77.5108332371993,80.6584902515498,75.1950717442763,56.3934625275908,67.1496857750437,55.1281641473189,81.7719668160451,49.3131463974119,70.961912001213,46.3237717276057,2002,4
112,70.8298719125283,79.2566056272772,82.65164448620379,77.2989476887509,57.474577000256,66.7409296868375,54.0845931592659,82.9340318189497,51.09739428888,59.4511190987249,50.3098174722393,2002,5
113,69.185718422546,77.7865831256872,81.8608872803627,74.9626187579961,55.5061355608361,66.2627329490252,53.1768502465611,83.4298043265223,48.2373614591319,61.3340295615181,45.9077799541076,2002,6
114,69.9892056602292,79.4502746620144,83.4638450602703,76.0567731566291,55.231589450943,68.093656346074,55.560429480536,84.6615505653823,46.5040879315592,63.7179204404157,43.639607993417,2002,7
115,70.3809149462619,80.3205269569301,85.3875240912689,76.2321220209452,54.1595639979605,66.492949952811,54.0782730607689,81.5050989649393,46.0823221614829,52.4090412724618,45.1488431025567,2002,8
116,71.3058015588717,81.0274104912855,86.1252312665505,77.0064701707127,54.9527044115482,67.4685482179366,51.4054524832205,89.1655363105409,46.2571878814667,45.718931423035,45.981469540567,2002,9
117,70.0421893674912,81.0567712142114,85.7770853940235,77.7167734011955,54.1679545912715,65.2782761553574,51.4487012510911,82.813101635052,46.7491323347178,52.9940198319999,45.8352779647123,2002,10
118,70.2272154346073,80.364568878464,84.8287838292231,77.4756894652487,54.0430047821892,69.452995473463,52.5535796183746,89.4829221082372,44.8846167683158,51.8706965542791,43.5310002712506,2002,11
119,69.3901958335927,80.524931824493,85.8483013696285,77.1604027155326,50.955393242917,60.9241215367356,44.1843338778475,82.4186491086017,44.6117087544072,53.8749171904809,43.2655315996593,2002,12
120,70.0884455483664,81.7118291781661,86.3823982199186,78.1640544791189,53.776135913117,62.6501467370057,51.4151459498527,75.9773644269131,47.0433503710112,48.0727211422014,46.2717978958966,2003,1
121,72.9372910365858,84.5461952073161,91.5401494625327,78.643452626386,53.7370093646165,63.3141792175802,49.8305825165816,80.645127306793,46.5658899679012,50.2975339735166,45.6262595172938,2003,2
122,70.9627969076715,80.4910083159716,83.5586898529441,77.79998913852,54.3591099366976,63.2154621218245,48.9046177228127,81.4342501283592,48.7261631764735,43.1984848273473,50.2038325354314,2003,3
123,71.0980314653839,81.5742433319304,86.562149432923,77.6467042751963,54.6010421937612,63.603257391333,48.0388580433354,84.0942451653795,48.4151229515597,45.7722486755251,48.661832647271,2003,4
124,70.6958426238117,79.7369763517652,84.9674537307404,76.5090385042923,55.7296261449754,65.507951778834,49.3656769405748,85.7151984291665,49.444560404071,49.589353765347,49.8110114020012,2003,5
125,70.7984832580809,80.4245874183278,85.5952164985579,76.5893511792355,54.8428966459459,64.8850384985977,50.3180594996219,83.2771933641176,47.8965120910512,51.4785018162507,47.3291232048209,2003,6
126,70.7298241520951,80.9487419805312,86.8094457849344,76.3575007771313,54.9157045103589,62.9743144203962,46.9746464794293,83.7939156537982,49.370727516611,63.5880150654745,47.072344519719,2003,7
127,70.3068989018148,79.4773477758716,85.4428157023016,75.2502431095949,55.7936244438703,63.5162746290513,47.8530640421531,82.9522613311125,50.1615398933167,64.5667376173658,48.0226823117263,2003,8
128,68.9639654354459,78.5717221418795,84.7491571875505,74.6821927401344,53.1735699331114,63.0729297991455,47.891967726632,82.9244225241832,46.9083616161999,63.2852993272969,43.9067975003764,2003,9
129,69.817782115655,80.4336846417516,86.8794671380089,75.8916497049499,54.2435175833844,62.8272309053431,46.3045865497429,84.0014112102851,48.3024138378396,59.6370617437351,46.5838848025946,2003,10
130,68.5208514245948,77.0232497104373,81.1648010291831,74.337940477452,54.8647637248527,63.8942294421414,46.7549875614472,84.8224601139617,49.5944501519877,52.6359895296675,48.9427443938528,2003,11
131,71.082318558748,80.7700668875258,85.4486492053302,77.697381817711,55.2427495862063,63.2144711766621,47.4836973639993,83.0102712558685,50.4696950052214,55.9625512172335,49.9757014607432,2003,12
132,74.8374711324802,88.4471608084007,97.8509166246899,80.9080953308312,54.6931019966908,64.6989987276059,47.979495475675,85.1317477310657,47.6391316756215,50.7256484944366,46.7523648349467,2004,1
133,73.3953946389514,85.2490826288613,92.6195201041816,79.1913748573691,54.1685135583631,64.8306916348765,48.0703370341703,86.7990820550504,49.2793480394135,49.4328733459987,48.7395993019141,2004,2
134,74.8348188185172,86.760602934376,94.6228650965282,80.1982600920392,55.5078617087246,66.5122619344107,50.1141000848583,87.3136580086209,48.5094812630884,55.5972220460212,47.8238363834843,2004,3
135,75.9119531576451,87.2931784776265,95.663669963391,80.8369526149963,56.7814539740841,65.3245367723427,50.1171221529092,84.9032232847543,51.0394375968045,50.342724226945,50.9876498890138,2004,4
136,75.5551466871724,85.9793511832185,93.9398457932879,80.344296559634,58.1371475800065,66.0893892323621,50.8307629361196,85.0246638849291,52.6944858742537,57.0485398177058,52.1084117410441,2004,5
137,75.7344508983659,86.8509669994054,95.3786145469009,80.5432557674948,58.8891318229073,65.254526140062,49.297473234996,85.9298444584458,54.4307540449669,60.6743552408056,53.4819387479303,2004,6
138,75.6853232422111,84.9375442668975,91.935206539283,80.1066950954102,60.5276796228515,65.9462060105233,50.8882684229958,85.7313399381819,56.8510323466345,49.2501879872278,57.8673025461117,2004,7
139,73.737194551475,82.5647926712994,86.5352366342621,80.059373655483,59.4195155838827,69.2539117033169,53.5977866591193,88.5823710988437,52.3676680368973,51.2228245754974,52.9618744475088,2004,8
140,74.6252738885186,84.1365335761989,90.7399326533654,80.3825772487111,59.8426886669186,68.7036534139287,53.7004409433092,89.1127535515047,54.1938494707341,53.4427280136359,53.722641379308,2004,9
141,75.8963248119143,85.1625787569889,91.1005952198382,80.9794644963782,62.0256321775287,71.5139856890775,56.0217611981303,91.261687834965,55.4692693523921,55.1033146082167,55.7365923855272,2004,10
142,77.0217948966158,84.7873574581981,90.8984046300135,80.7470630222871,63.6385788018066,71.3118399896861,54.69308282444,90.9809693817085,59.2604143399609,63.0305455712345,58.8487648083654,2004,11
143,77.1696020331343,85.0471459705884,91.2456302180509,81.0137432499858,63.7392033196102,72.7454556992838,56.9944948211538,92.1878489628139,58.358898816913,72.5407958520341,56.4294435013218,2004,12
144,79.4093136680329,90.3304878061912,97.609714766473,83.4173992137903,63.6827449336767,68.1713659010163,48.7052601053981,92.4821917244003,60.7352069798632,74.5730071668379,58.0615936775066,2005,1
145,78.7332734257749,87.0378203313983,95.8984384867967,80.243874263476,64.8466794137423,71.6862797648288,56.1691712249024,91.3443838814374,59.476890208386,63.7722818142783,57.8428268372915,2005,2
146,79.7054682401596,88.9310789339326,97.4432195040631,81.7796049365035,64.8760730617584,70.9946486379638,55.568677146518,90.9760964602735,61.0317154345957,70.6638941963894,59.4019677064291,2005,3
147,78.5013415503954,86.8259482319561,94.9442067127396,80.3906314294556,65.0966460131378,73.5288366581454,57.8872884159425,93.4906332442624,59.8150871773157,70.1961925195091,58.1632001987303,2005,4
148,79.3014331783803,87.9804690815451,95.5026953375458,82.5457968438654,64.8711980383353,74.9867370747008,58.5959115617018,95.0554261252536,57.4063946459355,72.5013802292472,55.0938995692456,2005,5
149,79.5813535633038,87.8445147235228,97.3996396648265,81.0568726518077,66.2592216654825,71.9908473347404,56.2930637524561,92.9486972271059,62.6196051725266,67.7836037688913,61.6394005749243,2005,6
150,78.4684061011262,86.2554290968763,94.2339521169215,81.0370184644706,66.2716455282928,68.271949474301,49.5802920763136,91.9222090139776,64.0513698981306,70.0441349771377,62.9957866504425,2005,7
151,79.6098249124803,86.0918957752206,92.1347506880726,81.9056912032365,69.5410749985347,73.1327668705087,56.2591026096362,94.9510032710525,66.9755427453791,75.1504569470575,65.9516233129997,2005,8
152,80.4016150711113,86.9701443935294,94.5433009596218,82.2951630316692,69.8409344060632,76.4159950127753,61.6895645287459,94.9944376390008,65.3316456233664,76.6527092293717,63.0303049240646,2005,9
153,80.1675842837172,86.8505055650317,94.8716120528292,81.4848185419979,69.6004847656488,78.3719444321806,63.943798099821,96.372362060692,64.143126486713,74.1900529523166,63.1496219701388,2005,10
154,82.6535190935138,89.7611054430808,98.8150843810796,83.4343067338075,71.8815438371436,79.4012710154224,65.8351459272403,96.8985991488308,66.6921522570569,74.4555501325453,65.4944796706226,2005,11
155,85.2689023971002,91.8223809413239,100.203809613252,86.5249629365484,72.6970986331916,79.4826250515079,63.4542773323662,97.6912706828224,69.737141133893,70.3561964004379,70.7869091368298,2005,12
156,85.1992753214656,91.8112929493713,98.6829137332949,84.5676415653259,76.9617529024587,82.8119282450551,67.4083720689406,101.580573479101,73.22145900318,76.4863816020934,72.3025110108553,2006,1
157,84.596887262975,91.0413492371846,99.3014505440214,84.7832686591941,73.6337338157683,79.4011058532707,63.7690885856998,98.8829126571229,69.0110199088292,76.828578816332,66.7045874678057,2006,2
158,86.6681754036894,94.2658852122299,103.559117347343,86.293389096383,74.9724165182673,78.4315768395074,60.6323860835233,101.339332515932,72.3047327568868,76.3048059665487,71.9665738726833,2006,3
159,87.1840660284319,94.1990665873736,105.019349330896,86.1302363881024,75.9749472722009,77.9911187504255,60.6131648960056,101.066646656519,74.7744162848326,81.724206979113,72.6561655758147,2006,4
160,87.0980442063214,94.6695949783415,105.674156698353,86.5922475798023,74.9180176459508,79.6064059457448,60.3270489234667,103.391353673416,71.5602575088112,74.7174891067758,70.5799504566414,2006,5
161,87.3696502769359,94.4225879931776,104.576575766853,87.2854791534538,75.1626960654695,79.9117574227236,60.057411539638,106.253667228672,71.7324854805881,78.8152494580202,70.5862024158268,2006,6
162,87.2502331526347,95.6228144861331,107.193992096299,87.8091991191088,73.1738906771943,78.3904307580348,58.4748313908884,103.761098204061,69.3642895679559,64.0516865053852,70.0695192951438,2006,7
163,88.5910274412046,98.1680079556878,110.287941928152,89.4637849978237,73.9481993669877,76.2330783247338,57.4424767622158,102.825471791891,72.2346601250054,84.3355066042782,70.5760335466235,2006,8
164,89.5828493540632,97.9647769184147,111.985199330044,88.1428983926426,76.7554508012249,78.1136749898305,57.8720006907859,103.687621819488,75.597142264089,85.9492892566287,73.4220469782809,2006,9
165,88.6553556582223,97.2322386645876,110.568775830541,88.3357205498189,75.5716285590404,76.3787552200818,56.3531902426447,100.46263975264,74.5257627539491,81.2214779742369,74.9363313716149,2006,10
166,88.9483168608354,97.4508345471729,110.276570689509,88.3944414729024,75.9814401743573,79.9721950457559,60.5590510348307,103.923132714489,72.8706068662472,92.9108024843576,69.1121944191268,2006,11
167,90.445089765111,97.4366690741466,110.84435928698,88.8288339005721,77.8927354120834,78.1637138501109,59.9865834569992,98.0929465486276,78.4027959297607,119.293727119635,71.9826359726499,2006,12
168,86.9064479966421,96.2202913962309,103.270147856234,88.5121343722892,74.1864779784145,77.7383046491987,58.8916456653871,102.154022024015,73.2652956478175,84.9143033380918,70.2691835649304,2007,1
169,90.4849727643275,97.6538224367559,107.530220621101,89.820559646144,77.917027150908,79.9582058143915,60.5949708977774,104.35419179391,75.8633033517048,77.1531864911929,74.7090175163926,2007,2
170,90.7884939514645,97.6888992637258,108.627464571268,89.4489802292838,79.1756067896171,82.4611922622197,63.5167933464556,107.461783171267,77.5771486175723,91.6047934287255,75.7987011609257,2007,3
171,91.4916753531409,97.5708317336371,106.32860032472,90.4137094495074,81.6363194636484,81.6166651794586,65.0077149344098,102.203568041355,80.9471264688997,95.7504695637759,77.1226191179085,2007,4
172,90.5235415955133,96.9086826422975,105.204671544916,90.4504084287648,80.2705188068498,82.9422852151,66.8629198678445,103.923371005932,78.8462041341898,95.5098266772827,75.4253205271793,2007,5
173,89.8673292897188,95.3647182164019,104.726764600173,88.6376644020945,80.741987675042,82.9636849042451,68.4678526043853,103.181634919951,79.0058542409402,102.982887902132,74.9146631678361,2007,6
174,91.7660892002105,98.4806152691106,107.37638277948,92.5434316961745,80.3796328874887,83.7813429101402,65.5316545056523,107.192379019776,77.2440203215577,100.901756495253,74.028149177313,2007,7
175,93.5531744443525,100.815444262941,112.632673788826,92.7327406961352,82.4138273802219,86.0864575311017,73.569992749544,106.136852508227,78.9953095078687,98.9549787105085,75.8681406811191,2007,8
176,95.6245199780304,103.00172422486,113.696014956947,96.1130313298371,84.6605539709078,86.2234243659133,70.1106493964079,106.347293328174,82.5561246806818,102.053020910783,78.8853250105217,2007,9
177,96.2998058986386,105.649916844188,117.833640667347,98.0308640104848,82.8470397890031,81.1507967526679,62.7908551165169,102.348204184349,83.6824701767743,130.212827563013,78.3526373976272,2007,10
178,97.3540405741052,106.972309687543,118.840913639291,98.7364267399479,82.6445620450816,80.9123025089158,60.6496421176638,104.157604721582,82.2429850039919,101.878716795022,78.7476277396797,2007,11
179,97.1594714108417,108.758266378449,121.721039606427,100.675184233571,76.3823946054801,76.1254082968294,54.5284790722903,98.77337859827,78.4930120798874,93.4901411603838,77.2915426345626,2007,12
180,97.5220486110506,106.761295488675,108.823804138319,102.262577341167,84.0803019863609,89.7941576828872,79.8131278841745,104.55358201995,83.2807213481238,101.758723389035,78.2417840984441,2008,1
181,100.60282473603,109.455144981716,116.133226629727,103.656838244244,85.6368929471691,86.425660647982,69.349197005616,107.26540666538,88.8653428719345,145.560561680746,79.5580902481206,2008,2
182,97.8266159468565,106.294248219071,113.862081380936,100.723895762377,83.1004126816044,81.7114000804533,65.3959123839864,102.740828654764,84.2731383546596,113.087035604161,79.2809341311838,2008,3
183,98.3911092480377,107.221764281366,114.718624894978,100.620656576914,86.2165287058137,86.1058896743278,71.1154490074573,105.983482747057,85.1425722846783,121.334742711482,78.7998124010665,2008,4
184,101.030824226217,109.21710418371,116.553836220294,102.62876152623,86.9258292571596,85.0751265782595,71.1258689747009,103.535687629373,89.6191313962431,109.367513711894,84.946760781036,2008,5
185,102.655288566485,110.224552436967,117.88577890911,104.311659482342,89.5355141887234,86.1796978060502,75.7601472789572,102.328064220483,90.4473311545028,108.036360287959,87.5680152219718,2008,6
186,102.64891502538,110.342727574436,115.711185594037,107.153734389023,90.3328311539835,85.5422513668025,71.7377416774636,104.779341870035,93.5530354577936,106.688465818715,91.9374353225105,2008,7
187,99.1208237931564,105.846826456103,112.472206141021,102.078031809893,89.1661107072532,88.2055832946512,80.8280075696941,102.646314632696,88.4446147621035,97.6212512097842,86.9855145511663,2008,8
188,96.8789532499677,104.437661913769,109.124441850067,102.413120649683,84.7119540844065,81.8575518081863,65.1354859084847,101.287363190662,85.2107463932215,87.5094612015809,85.0818963633262,2008,9
189,98.2186046718429,107.787061751985,117.927551477816,102.13684735126,84.5281742429397,80.7243539475056,60.0186196899984,105.070622487893,86.5213321614196,115.484397210092,83.7419964048424,2008,10
190,95.2719917410422,103.781594861469,109.796666925699,99.9335528133447,83.4710627229772,83.6055748457543,62.3663402705764,107.738096004913,81.6627332163211,88.12916256123,80.2795887825252,2008,11
191,92.8800027218606,104.441793306672,108.560725503121,102.676321119522,73.75027256728,74.9542931894448,59.4112711611433,89.1127142194033,74.8027383529659,80.4078428195583,75.5387131631228,2008,12
192,90.1049820805558,104.628118355057,96.9156033163741,107.221469227978,65.7028923079546,61.220182974353,41.0456685247352,88.4072118168048,72.4961000081956,43.8323554783741,74.2849188824785,2009,1
193,87.8901751465835,100.200571338391,95.3160001115426,103.195823660848,66.0821011951581,63.3945893725879,44.8970244828717,87.4182106341427,66.9896832350034,61.7267519629609,67.7909192022622,2009,2
194,86.8296674098555,99.9480945679495,97.0835987836805,101.511057095588,64.9745408523096,62.0399469926439,44.505650922054,85.0281945864782,66.2392203939659,70.4998992023055,66.4218758698743,2009,3
195,85.9205312170914,100.823261126109,96.6004560037524,102.993162574987,62.8197246398592,63.670732660179,42.8513254156034,91.1707498433133,61.8092451844074,40.5729852525659,64.3684733163981,2009,4
196,86.6516041002972,102.424496071905,101.331156770794,101.629931905285,61.0836810022187,63.1379390439646,42.7778576441047,90.0181985714966,59.9654346388174,46.733440786366,61.2119386940205,2009,5
197,88.0766205912263,101.685982346261,101.822600541753,100.937027368,65.9860245549117,66.6964884638629,43.7416247069194,97.5268936760824,64.8139942261291,54.9416030318249,66.4406326300616,2009,6
198,88.3329776461153,101.831347833292,104.511846797707,100.802688160032,66.8175042213678,71.273962147806,53.1138029693986,94.3958155117474,63.6803986346954,57.1012276171616,64.8858869620966,2009,7
199,87.0810594526257,100.096292917901,102.944206599516,98.8404921023794,66.5113387361501,67.5832804092855,49.7545316371508,93.8461160710668,65.1843395504402,61.2530260749865,65.8091818723804,2009,8
200,86.1942408092949,99.5438418731067,104.130769067294,97.6991877984701,66.2372603057099,66.8137373863823,47.2313782734947,91.1584767349815,64.6836182466198,66.8680008869998,64.4999887823492,2009,9
201,86.7561430591164,97.3403348448525,100.396652778018,96.7991835082178,70.2796366913736,80.0361086100669,63.6051916259372,98.1616066313019,64.5075480085704,66.8447130577734,65.3310793359678,2009,10
202,85.9219940920001,96.569554620618,98.9467430461039,95.5222432947385,70.1678004105994,70.5261511706132,64.3310854618142,76.4260804755375,67.9438434274711,63.3886354871951,68.8968333497649,2009,11
203,87.6890663371644,96.9705317205253,104.48638812075,92.4015689417648,72.8052212250662,83.3796479085352,70.4252335723408,94.5061530519169,68.6985658979816,78.8379013270416,68.2204425456287,2009,12
204,94.0577437989165,109.111806290348,115.044922564865,102.128804791843,68.2243026992211,75.5184231917969,62.2569962789726,94.6980503333354,66.1546288212581,61.2050125464991,64.589309317406,2010,1
205,89.6950339536788,99.4796182430911,102.095262210679,97.5787261076118,72.5147455081542,74.2606388691615,56.8963036244009,97.4157631462098,69.6012725637749,69.3911912392439,70.0332331091744,2010,2
206,92.0191700679624,102.812370395271,102.685614745865,101.469107792276,76.1888996250203,82.5964026058882,64.4217484052607,104.642686111591,71.1711486752985,71.7070872951985,71.6972320032992,2010,3
207,92.8902639170044,103.94757519281,105.822537018493,101.857812673951,74.2783244933513,79.8031752935449,66.9158664208394,97.8931519789849,70.4706802118014,63.8392534206532,70.808159533972,2010,4
208,90.5992426752811,98.9369955815834,92.2423488275236,102.438638745084,76.6126529092861,79.1216116261907,61.5443364898173,103.046477955381,75.9582977182823,77.3266309390427,74.3805964681066,2010,5
209,90.3687225437527,100.261868494544,98.2621010622413,100.88204065488,75.5739221949085,80.4067476039011,65.7709023437035,101.885913605438,71.1748734296767,69.0600971347111,71.5203899342114,2010,6
210,88.9697229362103,97.8910496689792,97.8260648930327,99.3070377789757,73.7214378139177,81.3812619890178,70.7030038827735,95.4036683284738,69.2777167603206,66.6377886010383,70.0032723265887,2010,7
211,90.0491688259004,96.4789793064466,93.7160214077414,99.1273690145126,79.8496554141183,81.6526349087158,73.536139952279,95.883501540568,76.9792652447847,66.2494527083979,79.1118196186873,2010,8
212,91.3594844706689,97.8056786050172,98.0290219151377,99.0462176532804,81.2728511478137,82.5835733282796,69.8507387734528,97.6908977897783,80.0409452964069,71.697446269243,81.5290556139094,2010,9
213,92.406289156423,97.7618381660079,98.5080526604297,98.5164011045926,84.58042513189,89.9597887487321,83.994196967898,93.5867366639151,80.4853076232335,79.1302106157189,81.9498704813879,2010,10
214,91.7327966805556,97.0024524631198,96.0420006426503,98.4907001473809,83.9023988471798,84.6231630180104,80.1082808478582,87.0586392595986,81.8809140787403,80.7612471821019,82.1002409790917,2010,11
215,92.7005957908231,97.4582841495021,96.5116392652848,98.3418999637551,85.0598532912164,95.2893351227015,87.2679290049606,100.833083556005,81.0066734681008,76.747710319885,82.8924780907079,2010,12
216,97.1337245340745,102.066791450064,101.747191828562,99.8488366960294,87.6730135711289,90.8656773863584,87.3752287731536,98.6809225783528,89.4680233711187,95.0351804112121,85.7634340550128,2011,1
217,93.3147683540589,97.6868348110717,97.4250290088403,98.3455504140287,85.8710850985981,89.383124080378,80.9601477054422,101.67738650264,80.8628576478816,69.9793277256498,83.1017957624227,2011,2
218,93.1493288015657,97.3492088364887,92.6720012365809,99.8328921880419,86.2487771419204,94.0493925510433,88.3937511995294,100.140668309769,81.4253634362022,69.0336787140476,83.7148497484855,2011,3
219,94.8924730921021,100.176911928494,101.996351254105,98.527912145976,87.9055685859551,91.8476153358781,85.7748951364353,100.126192109931,84.7216884835785,69.273821305041,87.0242435338097,2011,4
220,96.9428492713964,100.587928627251,99.7129567858073,99.8327444468798,91.2220168926196,95.1933925594991,95.01783245793,97.0950183241543,88.566921650045,81.5878997005802,88.7077895321069,2011,5
221,101.17462226608,106.711019462738,110.715251369285,103.342423372315,92.2195578186294,95.4889096152747,92.8100852272056,101.517669827685,89.2843890465851,84.2249977866748,89.8116251736252,2011,6
222,98.8565509083286,103.002051552587,104.179089796209,103.429000191326,92.1903691268242,94.4313911423618,87.7060823864635,104.022088111929,90.313436787731,93.4925060265154,90.1528213509412,2011,7
223,100.40071245562,105.341231142836,105.448168741562,105.481858793237,92.8794717131856,95.0356659393633,86.9146305052686,108.55686057974,90.0945705350825,105.882107263902,87.7133261399179,2011,8
224,99.3107392827636,102.775293196794,102.671655551094,104.344906524974,92.9375153604615,97.0205620665875,84.0462638740228,111.37601134905,90.3628156749752,103.366661407962,88.3518198503695,2011,9
225,100.31134295211,105.879185301337,107.026211319,105.849942811593,90.5145068537292,97.5003622122721,83.4937707980588,113.122163347946,85.8394535241638,90.8068190585509,85.6329888308066,2011,10
226,102.798152265108,110.005424127783,113.79069335548,108.280035350466,93.5430506013911,95.3457601916047,79.9628685874724,111.933148785775,90.7394681850753,80.0410218712739,92.5000425849117,2011,11
227,104.202064725926,107.898457872101,109.732675218456,105.943941443891,97.8411566245165,100.860107778791,80.715755500062,122.243396623885,99.1845579511355,115.912267769901,97.5127167466584,2011,12
228,103.014509505268,104.477633396674,107.578034196401,100.384684560211,99.9432954483239,105.934774274723,100.089479764876,115.717866583571,98.6611375045227,99.8332961985438,96.5952209396572,2012,1
229,102.490400732721,104.997359109173,105.429081948339,105.266087186049,99.5998399398542,101.95785537639,100.382019591073,106.660154936347,100.134154049749,103.357068228827,99.9230499258249,2012,2
230,102.846079776212,104.476286472299,102.407211424134,105.848329617583,98.8842544643667,97.7453789332175,91.5343634256499,105.831635171207,100.5169508289,101.173877546825,100.531301925877,2012,3
231,104.034208160123,105.676837267298,103.161316140459,107.767333007786,101.967464468386,99.4512166865865,91.661194643537,108.480970767104,102.236187734753,116.794399854119,100.119359149124,2012,4
232,103.680965075524,106.924295538303,103.056186935486,107.89082903135,99.6632852220794,102.884080161553,99.0890400376881,109.160968997834,97.8491828993093,88.1671096951719,98.3934450585216,2012,5
233,102.713680578375,105.174294753199,102.482133542551,106.988259718416,98.6438161749877,98.9588093786721,95.7697117766442,104.084104964243,98.210467182353,98.3886106311123,97.9408679220372,2012,6
234,106.106148664999,109.546536788653,113.137129946596,108.238290990783,99.7319039269445,105.65256483533,103.335490147787,108.824802533455,95.2156249758183,91.3105570874302,96.1448965041017,2012,7
235,103.124941543416,106.047187267226,106.286118012544,106.024547338362,98.9441686816719,98.1116646565689,94.9642692359118,104.47782645443,98.0418820220628,99.7095573414416,97.6603215836899,2012,8
236,105.049283085555,106.961029666858,107.479639635664,107.377993286008,102.313479616018,111.321456573518,103.699725644404,120.119412761201,97.1901124493949,93.3434023037485,97.9052440898316,2012,9
237,103.853452971138,105.533984903293,105.625190388669,106.056565208305,99.6326966446151,100.453261376509,95.6401975016103,104.305220036214,98.3890006193276,98.9113396355575,98.7508268512228,2012,10
238,104.8510877463,106.751807566298,112.506953786226,103.354766935824,101.981099221143,104.591078207109,101.763510935615,105.601791106551,99.4679420152999,101.141908473706,98.5429577391814,2012,11
239,99.35272038687,100.595741122452,94.7948431991176,103.613676001866,97.1500349550207,99.2516539107858,94.9424105392664,103.414855219834,98.0512224488203,103.331229015029,98.4971294295692,2012,12
240,100.886929276066,102.406449715431,101.284890138835,101.638912611771,99.0884435934832,99.7929475962963,102.036185428448,98.8318857123979,101.286013762476,104.933646378373,99.5115892829254,2013,1
241,104.144013844055,103.384185253622,106.900899659995,101.306999689572,106.441928838467,105.4136766898,111.676373450774,100.05330639222,102.992234259983,120.451688644023,100.536318580744,2013,2
242,102.168114831697,100.815866677374,102.892093983982,99.8144138933529,105.177264917482,110.019011194093,110.245134339185,110.514179026466,101.316827643325,94.3402219046768,101.842317393562,2013,3
243,100.283007148518,98.085128276278,97.8191891042017,98.9587207249317,102.595737824758,102.778609267118,102.373649858486,101.582690057215,101.901870621661,111.025874498774,102.162281520963,2013,4
244,101.518720452262,103.022789272724,104.218784034761,100.056001385159,100.347751690201,101.57535624141,103.543897643451,99.9817324998055,98.7850618831737,96.3614511046738,98.4471658943023,2013,5
245,98.0307957436374,97.2444858762527,97.6151691450995,97.1669806831095,99.7442911033245,101.110551813052,101.909022745343,101.220472402761,99.4956722147368,94.5617554880182,99.7065640617901,2013,6
246,99.1456001527111,97.8202483713128,95.1249302390395,101.135523633505,100.574706047178,99.6018614000774,102.179099307353,95.9910106565593,100.539284945929,104.11762586997,99.7997945318455,2013,7
247,98.6077047517659,99.5931998830132,98.3584491259205,99.923998100865,96.7443844455321,96.011382051665,95.1468435481776,97.6723539474335,97.3960450379841,91.0570860679161,98.2842913196615,2013,8
248,97.0568347539613,97.1769266061573,97.8946471323809,96.9548908182379,96.4662707077833,99.4031754894854,94.8627251100397,104.246267238053,95.9014423973906,96.2546347982422,95.7867560131983,2013,9
249,99.488111567151,99.5683988285552,99.414777460892,100.671403730382,97.3320629181062,94.5911873366354,89.696007656725,100.727695455232,98.5307183071674,94.5034945053015,99.4386707289838,2013,10
250,98.5249496218004,100.294988745478,98.6542724398258,101.466923551481,96.9125850939108,93.8490088361615,92.723132280533,93.9357249640224,98.9506164092419,103.168598548027,97.4374840484221,2013,11
251,100.365742190961,100.776870349645,100.118510718672,100.107727587814,99.6492128947366,96.3834999667997,95.6748264683459,96.8810300190351,102.506162683235,98.2978373942645,105.193307362819,2013,12
252,97.2464450652307,97.3862015460886,95.6228210277737,97.9632634579783,97.7608828269767,95.299813501066,90.3745154364352,101.300925390878,100.559899850338,105.476652603936,99.0618066525552,2014,1
253,101.877951376886,101.556999242977,104.627934254701,99.3873509387625,103.478931685814,97.8726220438148,96.9206944346341,101.585705617091,102.957540770447,105.474846464269,102.775083577402,2014,2
254,102.737531694262,101.42908256285,105.19172646372,98.8888194302564,103.552767260593,102.560677120622,99.3562496627742,106.346695511766,104.318856180532,113.619849989092,102.642407461242,2014,3
255,103.130385304008,102.94168331476,108.813830707261,99.3187035064416,104.407383023234,101.42691554667,106.170866237088,95.4120564434149,105.50864990716,94.9680125917176,108.12304569405,2014,4
256,102.770803487872,102.041150052315,104.796864250235,98.5297768065444,104.225139370712,102.833853821337,101.769308148039,104.236004909468,105.423025699146,114.925980521821,103.559019721701,2014,5
257,102.787220075487,103.085254220004,105.383872828142,101.308535723167,101.94682212311,103.92617205878,105.349318688268,102.889973592057,101.468618332965,104.463556904115,100.082935573739,2014,6
258,101.230321888555,98.8572121283675,98.7519616464719,100.355596051573,104.331566898469,102.749403523556,103.648324231231,100.928695378964,104.737186964277,114.760691203736,102.929103536461,2014,7
259,102.249765301139,102.003239966272,100.101423929908,102.719028340202,104.273476734111,104.593326094135,108.998732926556,100.205071359796,103.17185727616,110.760807256804,101.820091579583,2014,8
260,102.091750123892,102.130149999838,99.9052437362929,103.469225355659,101.328309104273,102.623369930496,102.961717965019,100.649877288099,102.769764079118,113.862705106687,100.858230363149,2014,9
261,107.261906507438,105.337031703459,110.388206247898,103.527765891338,107.760153629096,109.947031604907,117.55329288165,99.6711360157487,105.157149987386,115.446558686396,103.23465871371,2014,10
262,106.012772615915,105.010391614022,102.072268364378,106.848281524206,109.637456053686,111.8668036533,119.577250729976,102.001920441149,108.081847713008,104.37262331947,108.133995151396,2014,11
263,104.874361308834,103.34410624899,102.899773872481,102.222436591844,107.398704853568,113.765215651228,121.44902669524,103.784257112384,104.420178276266,112.89200558499,105.047622812993,2014,12
264,105.937723498046,102.699367056238,101.250227423048,103.077101587079,111.299120037438,110.394140129218,116.181049442233,102.502627530526,113.920140319432,104.215748391532,115.103300326337,2015,1
265,102.386131610579,100.679692318453,100.315757425715,100.892158590398,106.14704178646,105.695251986401,106.493382330453,107.309711929544,102.32576597179,113.416734762018,100.628414659771,2015,2
266,104.70184150319,101.744057112279,101.880663362476,101.560245027942,109.658827526306,103.55605395259,103.902907024477,103.476128021904,113.575775041833,121.052202226739,112.7746231848,2015,3
267,109.35648119432,105.827225141561,110.931735273469,102.980005400299,113.114600517907,110.627486115156,113.14413394425,106.108152520787,113.032607864252,122.98430648253,111.799220928573,2015,4
268,105.891333402368,102.698854211705,102.012636977019,102.832914576287,112.529464408636,109.709060831212,111.948939181823,108.07244882031,113.336053777796,115.099829867986,112.969749051597,2015,5
269,109.477870589877,102.8789314684,104.475029607863,101.581830158393,118.464255557426,114.274334652254,118.147868860785,108.820257418415,123.550349803981,111.585484477112,123.889857924965,2015,6
270,111.390998795903,107.470075960037,112.138029842527,104.956546036176,116.759004076029,116.805511179171,114.611707859342,119.078832411459,115.268625302729,112.344495666302,115.274245644976,2015,7
271,110.810636676035,106.798446925103,112.919922338186,101.806704062242,118.391885648634,125.689305241283,136.901619346899,112.283417531757,113.86927479925,104.548028294288,115.245219223105,2015,8
272,111.796186987758,107.915637327067,118.099383805991,100.044634702349,119.127369191587,125.340074180115,136.712933821438,110.053685716875,116.848822447489,105.435057730567,118.272833247209,2015,9
273,108.463332249352,98.2425040394069,105.416840916046,95.279640805209,120.758587243343,128.732254835762,143.386286536609,108.477484025018,115.401516111909,118.434659380905,114.675231272632,2015,10
274,108.089193066508,101.252878934079,107.240687191861,97.0336908945771,120.454358072642,128.173885404998,150.293417234336,100.366906661562,114.109251767928,112.562479788991,114.201045154186,2015,11
275,106.025460458436,102.16131135695,107.778882529063,96.48586894011,112.630123569635,122.630153833542,141.134643110995,98.1059780973158,107.539373882188,109.292832715678,109.325999364021,2015,12
276,106.067110017712,101.069805067674,109.324305913674,95.2567252191905,115.241601489799,123.449555840601,141.955796338303,101.920221349617,110.588875576904,115.95010663146,109.407685468469,2016,1
277,108.641305099627,104.078339855855,109.188318379477,99.7418478624475,115.333028345962,125.678162486142,141.110974108599,109.781406462847,111.503509952858,112.453079334536,111.345282402693,2016,2
278,108.089181493908,104.692756149235,110.566003880464,100.463138244669,113.313092957357,119.753339367586,134.421806286439,102.465196000271,108.565253912456,107.338124332363,108.311337395788,2016,3
279,108.150729158926,102.658337783173,112.104946836028,95.854064351695,116.115873409137,126.564618962202,142.690758816542,104.016054930197,109.033693071854,114.201112251867,109.309449893847,2016,4
280,108.212667402871,103.425706101675,112.382636022684,96.360896301038,115.326787872186,120.157824231298,134.518702018634,101.643000893487,111.226353268817,113.120830246998,111.253949485979,2016,5
281,109.019392313307,102.363809856082,112.041660276703,94.7891831917611,119.027405009583,121.564990329406,134.229700319904,105.50578263404,119.786903092878,130.79497536405,115.96926613203,2016,6
282,106.463255947166,101.06203704976,112.221966821541,93.204766407868,115.40841158325,117.426684012771,131.573915490632,99.5892492434355,112.690705832587,110.693402303118,112.815244463472,2016,7
283,108.953859071913,99.7383925780516,109.839606685577,92.7071470196667,124.534525636642,140.11908284502,148.99273976801,128.811122871204,114.302360923759,126.892709748678,112.195713717463,2016,8
284,109.914471767261,101.467009299646,112.374829204479,93.0576138746797,122.752616297503,123.672492998498,136.844741390595,105.888660772324,123.806932590433,144.207100507691,119.945326705268,2016,9
285,109.404592480129,100.735240307693,112.845033665246,93.9833610307599,120.850409388504,129.67194320879,145.693358980634,109.012544831874,114.527239793365,116.509738314925,114.136560872351,2016,10
286,110.621402625303,107.239660392204,119.539102737181,98.7213579420695,118.944812905818,126.804128803775,141.006935441325,107.330481420249,112.837948936556,117.927104041876,111.881838842566,2016,11
287,110.092172138215,101.891940788054,106.840036625656,96.3837275996479,123.335391451915,138.316405033883,159.046529566402,110.874013428294,115.718049380527,114.201208561305,117.833141924537,2016,12
288,107.863225163482,100.762917329851,108.565712972228,95.0348240997476,118.473700412576,126.690104219754,139.300854336775,110.915924302928,113.595596641186,128.017964029027,111.28655962157,2017,1
289,105.163962949162,98.7743154245177,106.621569247738,92.818080455214,116.525724801833,119.725461652514,132.231487961663,107.495330260592,110.897016342226,116.534863419597,110.137399324775,2017,2
290,108.424730586927,100.831998466711,112.805283792299,91.8494579857643,118.907403718873,124.737479557246,139.04303743259,106.720135331078,113.876664554221,121.5907860414,113.018526964993,2017,3
291,104.450736142634,97.1197657804127,106.685532931989,90.4419891873127,117.475411136034,120.596426049171,128.681783562614,110.858615698679,114.59949313056,117.409479838464,114.535891751234,2017,4
292,107.984014798798,98.0168314395304,110.616233365474,88.5323094471324,122.001524357976,125.371328335677,135.920348159611,111.822519575519,120.176442038182,129.807227673086,118.503283002706,2017,5
293,108.823219811842,100.276829932549,115.385435651838,88.459313215964,120.623253733623,124.018155172178,134.499675547405,110.218949469551,119.73225712786,119.46449740838,117.847774757059,2017,6
294,107.65469764834,98.9207737569517,112.093138014302,88.7202586720566,121.425931258674,125.618296099438,138.11857900186,109.294979920105,118.39637831801,109.968161259559,119.502596369102,2017,7
295,108.452430731081,98.9070950642843,114.817434449045,87.7582350646878,125.129324781702,132.505233748388,125.945907234697,140.95719859077,120.62836753218,117.75399804158,120.88005313402,2017,8
296,108.579978361844,102.836002919976,120.025510905746,90.0087328330448,118.093761097899,119.402010854737,132.168039638013,103.046449497778,118.934087707181,120.738810947097,117.843001107238,2017,9
297,106.998943568125,100.167395218174,117.664850923181,89.0140243337292,116.545632586006,116.33081002953,125.455048207162,104.133785387935,115.227282243472,117.717793093019,115.554335634818,2017,10
298,106.093552227935,100.673810550539,117.118730022586,89.8591190848298,116.716819244649,115.779439634699,121.016920541574,106.593445450246,117.197610062392,113.668492532714,117.366608020409,2017,11
299,110.432184219956,105.417627073932,122.604350327705,91.4803710278869,121.388491538441,123.033753658033,137.616529842843,105.307084079981,121.121957577023,131.529255426816,121.181351332071,2017,12
300,108.591478031496,100.304513887513,117.95994598888,88.2288151121703,120.221684348682,119.753271229736,128.47773294029,108.325447259553,120.885701906437,120.561123581495,120.523168877556,2018,1
301,108.954333968607,99.67835015157,117.738476417607,86.1364987190803,124.951144306594,121.831394985736,133.566239972398,109.829444107723,123.553654075778,117.28811657905,124.9796488869,2018,2
302,110.87080343796,100.806839708194,117.100524423029,89.1295844983676,125.912794894663,127.513276314834,139.470382955356,113.656809088519,125.513395462083,127.519764538614,124.94988387444,2018,3
303,109.585594696116,100.506614889004,116.534064830721,88.2924857652027,122.947536615903,115.450113022932,122.138051733161,106.871585403087,125.322020262212,142.959985078255,123.994902701897,2018,4
304,111.835416887265,102.394489388745,118.299709218185,90.5192559064436,124.534968356651,126.792446697621,139.159230651247,109.75655654875,124.377624871018,120.137131086969,124.948843506806,2018,5
305,111.446509704776,101.740072171615,117.497804000269,88.761080375514,125.447331673183,124.69219874141,136.594982157841,109.015298179186,127.182796181299,131.857854722959,124.344143107129,2018,6
306,112.110738524431,101.748083467071,117.788064846306,88.56658596704,129.107876632892,123.614959023667,136.272459065862,106.170733999939,131.321321048224,124.736645305664,132.409178946499,2018,7
307,105.987997562559,95.7413293025982,107.110530998205,87.6330865401347,124.165848208145,122.528348709334,137.028158468758,104.944983224991,124.709015158246,120.318818240472,124.849039357268,2018,8
308,108.887773611372,100.522760413949,112.715413564509,91.6758854698915,123.563612414157,120.539230629609,133.829411252645,105.263155402206,126.83204300821,117.702579357007,127.734616393812,2018,9
309,109.00843865121,99.6624796592937,117.520933710923,87.7185077831003,122.952938436885,117.484047152225,127.238442298443,103.145390469853,125.835091301417,143.687649932884,123.320646818672,2018,10
310,102.509414906642,93.8273132230766,106.874186391801,86.3134682905881,117.185447117272,111.377261887813,111.017353861008,107.323862226785,120.386840953603,121.317854111757,119.941450865163,2018,11
311,102.095874791297,97.8101306022734,112.346440353345,86.1633441162538,111.111539432311,112.027547613119,116.375314196752,106.094084779991,112.039489515745,115.19678029248,112.573882310573,2018,12
312,109.669741307264,102.125041063939,124.513266319824,86.6568855121105,119.799525791882,114.937187556474,124.90897857535,102.395909999727,123.344946134497,129.41007729066,122.3454979234,2019,1
313,107.712142904552,100.410270215445,120.149129324923,85.692523201442,119.236662240122,115.825904391816,127.625150430481,102.361280853667,118.800133777798,125.146207179686,118.253063288798,2019,2
314,105.167130224254,97.466182762768,114.374532690099,85.2076139852477,116.688185644147,116.23952328705,130.040026603219,99.4737866874435,116.526688723629,127.167892636133,115.76891352572,2019,3
315,106.632713740711,99.8626752659029,117.179030051078,86.6045788421034,116.486233935265,115.439736680881,132.658025516592,95.8584512633591,115.798153702657,120.214835232736,116.022400720766,2019,4
316,104.079791428304,93.7129557900167,107.90159275145,83.9896817080143,118.1062225433,117.911598006356,130.323197277891,101.331909684518,119.09779487783,126.251038045005,117.417682826972,2019,5
317,103.489625749586,97.527142798575,112.644407302678,84.4818886972656,111.679163537549,118.798370660458,131.432600472694,102.947280305459,106.666824798701,118.109195367884,103.107591274114,2019,6
318,101.858738402184,95.8000517348207,110.872071119361,82.5505603107207,112.720292153584,117.97730500448,124.36584458689,107.870896651002,109.155567993103,119.659000152293,106.936493025156,2019,7
319,101.936342403625,95.802694084081,112.51918373288,83.2304997653388,113.332271955256,113.672079794676,118.668829312174,107.011737435518,113.901651418375,123.136916095578,111.815386411349,2019,8
320,101.321501711334,93.5682153258272,111.232059418863,81.2642522389697,113.813659667732,117.407095194687,123.866646475457,111.844361781686,110.982159590463,110.3793583575,110.699519875438,2019,9
321,99.6202545365381,91.7328945029823,109.658947791356,79.8164728328742,112.33863915974,112.557448829816,112.475713312588,110.942429920276,111.992652583507,109.504947962983,112.900250878258,2019,10
322,99.6317463267432,91.3618826280595,112.83045793743,78.8775094660752,114.471389934493,117.817540906786,122.084082114555,108.890052349678,112.002899553322,112.516190411958,111.29556820635,2019,11
323,99.1968364876224,93.7145625233233,114.365547138721,78.1589341395374,110.485547288765,112.342369243917,116.864127312507,105.735072883865,109.196110493432,116.689717026761,109.086182250801,2019,12
324,100.747938569388,95.0958258810412,114.400835745617,81.5985792561995,107.591402098316,109.116381912577,115.829012367807,101.179827586201,106.900424381244,102.345147440022,107.552686309221,2020,1
325,96.4475958551957,91.7835852802729,109.966935255543,77.935943554639,102.282856787944,109.645903047621,117.771013125951,99.146900085804,102.395845434146,114.153454265002,100.648443700853,2020,2
326,93.8042201746955,91.0433261805266,110.926317931643,76.303456209211,96.2884186443685,99.7092896200384,104.434070221592,94.9175643201825,93.7210880004826,99.5400789639498,94.0720147175347,2020,3
327,66.071758961502,61.9251874958726,62.9464770981536,61.3621408851013,72.6823849473169,54.9492965668294,47.1853264356855,64.8142174216077,83.2345086336113,56.4866642578229,87.7386476735726,2020,4
328,64.1964410884488,61.9870959750625,65.213530247999,60.8352636519651,67.0201863512729,54.5330035022904,54.5622872480359,56.1865803174206,76.4917353618139,38.0100807610934,83.1890974047978,2020,5
329,78.1987405578897,72.5780605323591,84.6624694813483,61.9566332352872,84.144018595999,75.135231243984,77.3443835282142,72.4157380437589,90.6119356819576,57.0040989000073,95.0514354553462,2020,6
330,80.4855228689873,73.4861274554163,85.1365356745377,62.8461876035125,93.215046236949,90.911719073543,94.1536702189247,85.4347854712899,94.5287170916914,76.2925976500421,96.6502761375799,2020,7
331,85.4291284662797,81.4280859657677,102.503220375582,65.8691260963021,93.4936411510125,91.032766974675,93.3073091982264,88.6629166288589,95.349472546501,67.1194810448855,99.6630761364688,2020,8
332,83.4920395575271,76.5453032686597,94.2302986701916,64.5038307262923,95.6300079003412,93.7327173704234,91.2209848096572,99.343080195836,96.6572549754417,78.0351257064706,99.3712629109009,2020,9
333,85.979671660626,80.0497151543358,101.69304997681,65.6361454480428,95.83822149783,93.9900618682355,91.4109427166887,95.0696312515715,97.6598168443962,78.7455742669037,101.079634215373,2020,10
334,88.2712096020109,82.1402457872219,108.926701978607,65.8812425308499,98.9298508813905,96.1604263428048,90.998700100712,97.7202530186866,99.8418936859737,81.3026805318966,102.776431325282,2020,11
335,86.255929779169,80.3122268341023,102.535858165584,63.8725185624365,97.978705325723,95.2798704763716,92.1006237277748,97.5292997653735,100.042017069675,78.4984666083151,103.660025998247,2020,12
336,90.9891487859373,83.3048874086824,103.804219472335,68.9026990743602,102.562920499392,99.0814619847795,99.6546385205048,98.7861598802122,104.91288663817,81.6741493156587,109.097012524814,2021,1
337,93.0215141196065,85.6507151213619,105.827068742067,70.3334804397909,104.393997687108,97.751364718618,98.4570996283115,96.0944437453332,106.922644070721,86.755384698903,110.95053441175,2021,2
338,94.7053848264441,85.3330360826646,103.531491742392,71.6936880366797,108.01307670195,104.475210694963,105.596064701483,104.518577514177,109.525193313736,98.9308185524079,112.607499378153,2021,3
339,93.8506176141289,84.3352970424684,101.060979230116,71.6708229269345,107.03401853528,101.997353783244,96.9687219370392,110.103269914473,110.441709684378,89.48502215982,114.582490792564,2021,4
340,94.5277949477361,86.0963621323516,104.31278059216,72.8125086182754,105.625605863831,101.835677256461,103.030085798123,102.882079030519,109.783189661049,90.6110432931483,112.826595602958,2021,5
