,Year,Month,CA Rural,CA Urbano,CANA Rural,CANA Urbano
0,1992,1,115.02036984575255,173.22125361549388,215.1048299264305,361.34416655691496
1,1992,2,115.8175739303974,174.6066868613613,216.79583859991044,364.03599101045586
2,1992,3,117.32775309558633,176.26225764468342,218.9025607080337,366.5502237606707
3,1992,4,118.89998346256424,177.96239653326907,220.8042257622152,368.7364066790899
4,1992,5,117.38927905191713,177.16463089160237,220.0638957119799,369.09067345352423
5,1992,6,117.5613805602654,177.65033941064465,221.11334098447207,370.9508934807096
6,1992,7,117.33835323996054,177.46720547582296,221.60818729904034,371.8604773339867
7,1992,8,116.22345922880355,176.77307381404418,221.34894653243174,372.6796020275701
8,1992,9,116.12601738756156,176.77886630885436,223.68374942960168,378.02523823160533
9,1992,10,116.91638659815193,177.44728822631305,225.58723384771906,380.608716341972
10,1992,11,118.83411612515798,179.17489910564942,228.52257618296937,384.04307518453993
11,1992,12,123.67827455069757,184.09372038319572,234.5361342979303,391.1732620301477
12,1993,1,126.51814334798958,187.69395338594393,239.35532233732187,399.94517448680296
13,1993,2,126.04800880264781,187.8995144868816,239.61655473560484,401.3959943321567
14,1993,3,123.61789568685184,186.15456981950797,238.05742974168183,401.02128096615155
15,1993,4,121.9352941587353,184.75349609459195,236.6263895874872,399.91632190954203
16,1993,5,122.97454040948396,185.92233403049445,237.9261642870381,401.4856305527496
17,1993,6,123.80712487450498,186.59618879840625,239.46027723384927,403.33357196957104
18,1993,7,123.66680669214999,186.3265544941078,239.8616509910931,403.8258834808607
19,1993,8,123.18045257338292,186.42721774810138,240.07477397118612,405.21543615252597
20,1993,9,124.24604103272162,187.39453475147138,243.20462964868392,410.6254229970108
21,1993,10,123.87394848641276,187.0757482094348,243.91699519222368,412.1482143357667
22,1993,11,124.50678359828623,187.80232717088643,245.43001445406767,414.32907236373217
23,1993,12,127.69468320486267,190.80550188174456,249.13169445885464,418.25345471499264
24,1994,1,129.22329402318778,192.91695201687162,251.2499692283955,421.5836864829041
25,1994,2,127.27675873540106,190.8880625392436,250.47553432211288,421.8563746866629
26,1994,3,126.39078014048036,190.32612945700237,250.59487260662257,423.36526838183283
27,1994,4,125.70972772315602,189.8045084989349,250.17970916534955,423.14141804126604
28,1994,5,125.71399763081556,189.63145118199043,250.48993519451142,423.3616252917774
29,1994,6,126.34135101853155,190.3571973665174,251.85826423522545,425.21647973443316
30,1994,7,127.37577274066253,191.60831391003734,253.25563039728524,426.9637100187434
31,1994,8,127.7530512077196,192.13205893887908,254.29063101321844,428.6934381044347
32,1994,9,128.011001490732,192.43597860894687,256.0034690475488,432.41677446941856
33,1994,10,127.9971806751193,192.7465921014291,257.01231078853687,434.4310030473529
34,1994,11,129.08674524412353,193.90169056521034,259.01405415430554,437.00788629496907
35,1994,12,131.02234241365574,195.9808809505353,261.8084429977247,440.3450061846047
36,1995,1,135.75590086512537,203.08584804846234,269.44283788463156,452.03800284556314
37,1995,2,140.67300876771634,211.33659537019042,280.1353006650909,469.04207487444546
38,1995,3,146.4770407306903,220.15417452245703,296.1779107122527,496.6025324064677
39,1995,4,154.80935373537574,231.3903279071337,316.4202104980605,527.486850598613
40,1995,5,162.51706042320097,241.29807680710945,329.02619508499004,544.7758860157182
41,1995,6,169.30456760315008,250.1328629542047,340.35291861648966,560.9181969673555
42,1995,7,173.4119804466403,255.66097174581932,347.3243873593408,571.1338366344096
43,1995,8,174.7973403990158,257.85203595354244,351.85632997776827,578.7948137270796
44,1995,9,176.78609255726766,261.35619328933115,358.647850956408,591.3734542298992
45,1995,10,180.87739400134097,266.3713030047056,366.334361430899,602.2907074618292
46,1995,11,188.4377224494383,275.7163619032005,378.1271086853419,618.0977899023487
47,1995,12,197.54954428960832,287.41151323692804,393.8372062914639,641.3411566316506
48,1996,1,205.80460252871796,299.2616502652477,411.045010156588,672.200894530348
49,1996,2,210.9180416493114,306.8413102608033,419.9338765183964,686.5359735819748
50,1996,3,215.13388199028833,312.6271053764811,428.2039128164804,699.2639695017833
51,1996,4,222.31208596782216,321.7304398656095,438.69047099349996,713.8234422104731
52,1996,5,229.07549317549305,330.75728875371914,447.937450578734,727.9576710674183
53,1996,6,233.70264753940032,337.1220628573767,456.6050266469229,741.9125820354387
54,1996,7,236.79287103477924,341.73363116204445,462.78781688535344,751.7964929412219
55,1996,8,239.00758055408986,345.3519118041862,468.7909971214481,761.9595085555559
56,1996,9,243.22153922453336,350.87834870851134,478.0498522136594,777.1669524123729
57,1996,10,246.87223993277306,355.93536336377025,485.8391896155383,790.3721347307201
58,1996,11,251.15861283596766,360.74354898969636,494.7974491782801,802.8308080882945
59,1996,12,257.86806189353615,370.178619801332,510.9648945349806,828.8961742016745
60,1997,1,267.3451066676203,382.5226425307788,524.9286158869488,847.599105102691
61,1997,2,268.848558727621,386.5728717654422,530.7496773178403,859.7775459479451
62,1997,3,269.1387057526027,388.26198495088715,534.5617446226415,867.8104718268546
63,1997,4,271.48136134179646,391.9436111465061,539.2494590552465,875.8595814950124
64,1997,5,272.71097590317845,394.0264527805765,542.4992941751998,882.9045238499019
65,1997,6,273.67041719601343,396.39931844539126,546.4019092320931,890.7848324748586
66,1997,7,277.04361440658573,400.8126269948113,552.474968730468,899.956498712967
67,1997,8,279.71693186027744,404.45738953514217,558.232413092268,909.3658949149333
68,1997,9,282.61120598891097,408.0080262224688,566.2996656017549,924.0059656449246
69,1997,10,282.74619961254405,409.66435479935814,569.9864281801866,932.2935649333615
70,1997,11,285.09543337474963,413.07084478294155,576.9000928249037,943.9557283683286
71,1997,12,290.3705818948348,419.42133069458384,586.1425395247537,957.1358761183529
72,1998,1,298.5890919890658,431.41937048846626,599.9084581656073,979.6127235862863
73,1998,2,308.8265078237963,444.2469074130366,614.7039796349588,1000.6934382172722
74,1998,3,313.39147984198763,449.84321333046313,622.5936057111034,1012.2005572442772
75,1998,4,313.78981291797436,451.73749902435185,625.9743217475107,1019.0758904539034
76,1998,5,313.4599980777008,452.6924212002644,626.0880991163344,1020.6625909767226
77,1998,6,315.2454418122172,454.6661410277281,630.5799529809926,1027.1270369702206
78,1998,7,320.21478386867415,459.6735394286432,638.1675200359932,1035.999934864677
79,1998,8,324.5819424512481,466.2940730485832,646.0765910355392,1048.6974470943687
80,1998,9,329.64146649943405,473.61502737539536,658.1481497584666,1069.321370877914
81,1998,10,336.4295530554944,482.10307151149755,669.0616743211195,1084.328925288381
82,1998,11,341.8417860680288,488.72195234797,681.0850958329163,1101.4672845302234
83,1998,12,355.91793519964233,504.7445071199633,702.6637300476481,1129.8139614160377
84,1999,1,371.6887725026074,521.7386753389582,724.4713578345854,1156.2332134461396
85,1999,2,370.68856575580844,523.6663528125243,729.2738828043009,1167.3122034316311
86,1999,3,365.76181713841845,521.6940576640976,730.3493655487214,1176.6797446783717
87,1999,4,364.18311320599105,521.7094060066803,732.7499151487623,1184.0309190940616
88,1999,5,364.3622476106818,523.1735358038736,733.2993730867852,1185.3206017836965
89,1999,6,364.52377574522137,524.6501977161296,736.6211042124518,1191.7352271234017
90,1999,7,366.08972862978834,527.3636773662497,740.9009450678091,1199.6540150800452
91,1999,8,366.4977018614702,529.2670396495006,744.736373950127,1207.3110850992318
92,1999,9,366.4617693331295,530.0617637385244,751.7847305532163,1222.1928594359958
93,1999,10,366.9918664930298,531.8830418754967,755.847402433355,1229.5465876566468
94,1999,11,367.95527096362423,533.1934368165294,763.6199152060537,1242.1781988352586
95,1999,12,375.3641727526554,541.4882247235745,774.2256415643619,1255.1747879111635
96,2000,1,381.0382710322356,548.3779879768928,784.4522502351226,1270.0636383058563
97,2000,2,380.17546772349385,549.0354545177571,788.1612831446,1278.8021649911059
98,2000,3,379.2653293679496,548.8270404514228,790.2607260517686,1283.3551060139418
99,2000,4,379.27669731982814,548.2805641044649,791.4119175864239,1284.620835885971
100,2000,5,382.70140994310486,552.5327451449768,793.4615569157495,1286.045251190384
101,2000,6,388.09687292537404,558.3347402021631,800.1824325827887,1294.1436674481724
102,2000,7,391.5707355890437,562.5208328720481,805.40170268918,1300.952230057033
103,2000,8,393.27474033705056,565.9502426734015,809.7594414226212,1309.5309691946652
104,2000,9,392.370988391129,566.0703395342883,813.9060534718428,1319.8234887252643
105,2000,10,395.38094193687635,569.1971374588414,820.8822071203231,1332.098632751689
106,2000,11,397.8530817893011,572.8089570200952,829.5928964266913,1345.879878958965
107,2000,12,409.5649134999298,585.1446683557705,843.9447846259782,1362.340152362537
108,2001,1,408.6905564862935,585.6536630415677,845.5019233142112,1367.2438329973406
109,2001,2,396.6748172332581,575.4565035315466,836.8437277719706,1362.9474818479973
110,2001,3,398.6975899891077,578.1305252401266,841.731713336151,1372.5397810952375
111,2001,4,401.95012999902855,581.8644562398033,845.0338660125434,1376.4548873415697
112,2001,5,404.82148095147556,584.8518484818276,845.1463888259641,1374.5205701335353
113,2001,6,405.3127534959001,585.8830963989539,846.9257513555889,1377.8499012269235
114,2001,7,403.98491877375693,585.514420419442,844.8592108130931,1376.2910282602832
115,2001,8,411.13691573699776,593.4816044541992,853.5282707164183,1387.4897138739168
116,2001,9,413.8920651923123,596.4019286793225,862.08166461428,1402.825353882943
117,2001,10,418.7895016175601,601.0320642697534,868.1310992170464,1409.919732171748
118,2001,11,419.795085578596,602.1085896636079,874.1976886101168,1419.718569296414
119,2001,12,422.2307927612941,606.556924729239,877.5371023425532,1425.5578925701298
120,2002,1,428.3897090676566,614.9259102224443,888.3200302198554,1443.6592915666663
121,2002,2,414.1761411749577,603.5576285296665,880.769422731662,1444.326597086732
122,2002,3,414.09465532310065,604.0714065044333,883.179704478317,1449.5403234388127
123,2002,4,419.59196502605096,610.284900787933,889.737398506117,1457.075616825378
124,2002,5,422.94926586761613,613.2671300081741,889.9036945836046,1454.151409926888
125,2002,6,427.639510018479,618.2907535338292,895.4009241185314,1460.624580205047
126,2002,7,431.7548887742102,622.8360057156742,899.408722599103,1464.9607050218074
127,2002,8,431.3214400980157,623.4202507454451,900.9293798104783,1469.272067076376
128,2002,9,430.12966738255915,623.0456360114155,904.4724333716042,1478.8374511538323
129,2002,10,429.7727261215944,622.9069438131687,906.9672771554588,1483.5877921709343
130,2002,11,435.0958029560777,629.4273459733616,917.7889920808893,1500.063001411537
131,2002,12,447.07232882306135,641.2019885456201,930.9490198040714,1513.610394534058
132,2003,1,445.86065389921464,641.1285557419793,931.8936729379435,1517.0775090197435
133,2003,2,441.50316033060386,638.6569624134577,929.21217816804,1517.9076393495836
134,2003,3,452.0945169945548,650.1757356249844,941.6032052124137,1532.2364736615991
135,2003,4,445.041406987985,644.508064695785,934.6778013355422,1526.6239244551284
136,2003,5,445.4929827545556,644.7830255636984,930.6303870823494,1518.2673855553205
137,2003,6,445.6808499833569,644.5116653046447,931.2768342591078,1518.7458643880925
138,2003,7,451.52747973041517,650.1374921849024,937.0988308859321,1524.1362587858066
139,2003,8,448.96502302807386,647.8001038240111,936.2298842961162,1525.6433008760418
140,2003,9,452.59930820853475,651.559337888717,943.2606335329265,1536.1842125022606
141,2003,10,454.278765413667,653.0876044513087,946.9362528061354,1541.065495949278
142,2003,11,459.95075044836585,659.9221221393443,960.1304357494164,1561.4025171885141
143,2003,12,472.0652716995445,673.5319246617414,972.6787003881593,1575.5988487693562
144,2004,1,471.34091214351406,675.7450181819403,975.3354376316144,1583.2213171611957
145,2004,2,466.24857364217695,672.7938934770717,973.3828348713969,1585.816759512118
146,2004,3,466.05579786939995,673.5677507090433,974.9055245595945,1589.4496588976542
147,2004,4,470.3493758074222,678.030788762037,979.9076704161564,1595.0351676256048
148,2004,5,472.92908700755356,681.4985518218762,978.0472246591875,1590.0688266803231
149,2004,6,466.29550048144654,675.7791665598919,972.6220887331654,1586.4760505490976
150,2004,7,468.88146984088115,678.8959140515555,976.3182890286329,1591.4064260134726
151,2004,8,479.7535061337711,690.703487364905,989.0844820162366,1606.9377922328977
152,2004,9,495.6624227879319,708.5427795639768,1008.9874423004173,1632.7942468525293
153,2004,10,513.7425251642854,727.7220081256293,1029.4927202513854,1655.979327080102
154,2004,11,521.480854040559,735.8509589358957,1044.5571364938187,1677.0416703108394
155,2004,12,514.8520417532953,731.2614952089872,1039.5075931584133,1674.6756581078535
156,2005,1,492.6598360299856,711.4747115802903,1019.564017730703,1658.5826535057727
157,2005,2,488.99451636614094,708.6513453634773,1017.2128871278021,1657.5487002886389
158,2005,3,496.68192931551823,717.4906639396286,1026.5050701648975,1668.705746030726
159,2005,4,517.0251958619228,737.7001396259362,1046.2087099329133,1687.4889181761434
160,2005,5,528.928460247097,749.9635625184372,1051.4313387147142,1687.1945308618792
161,2005,6,514.1883439411969,736.7961057149265,1038.1480219233536,1676.35165096228
162,2005,7,518.9956287986373,741.4546143072374,1043.4479240675666,1681.750644062974
163,2005,8,516.16944473447,739.6294077319053,1042.251716953805,1683.1228980285846
164,2005,9,515.3570042455102,740.0307251377294,1045.5234624208372,1691.4744884139118
165,2005,10,509.45262148026376,735.2191806315342,1042.919057383961,1692.2357075466266
166,2005,11,502.0287033447728,728.9388575599002,1045.2760226533514,1703.5715210470366
167,2005,12,518.6198884865576,745.2724328200317,1063.8338441285027,1723.0517646505175
168,2006,1,531.4791305571221,758.6127159715799,1078.7581486978374,1739.7889191208117
169,2006,2,530.0050033471803,757.3846979501105,1077.6029041967456,1739.2564606137885
170,2006,3,518.110585933622,746.736956885784,1067.222921816383,1731.0803375105036
171,2006,4,517.2983809640515,746.6736604857393,1065.5925460645285,1729.1335723658844
172,2006,5,521.8420546043308,751.7679345310293,1062.4628813594368,1720.3667138426795
173,2006,6,515.1738729982144,747.1957253414258,1057.0417556357634,1717.906169628886
174,2006,7,515.4226679658193,748.0142356936036,1058.2661739651571,1720.2832322616227
175,2006,8,525.9475886183585,757.0832730062076,1070.5662595183585,1732.5897011062075
176,2006,9,558.6866762054178,787.6125725109639,1106.4034538444873,1769.3009512634458
177,2006,10,569.8466159150762,798.958618469103,1120.6970454654522,1785.8086381247763
178,2006,11,556.3897180905653,788.9643457110633,1116.1476131416134,1792.0888295720988
179,2006,12,570.8349586733291,805.3680411540793,1132.2280595129052,1810.6031758062954
180,2007,1,578.430173231915,814.8490459688014,1141.5624521813702,1823.0054972183266
181,2007,2,575.0197263684704,813.6996918576551,1139.3057594747527,1823.8979860345553
182,2007,3,575.9814237873545,815.5660531767098,1141.0704901254508,1827.0474657577784
183,2007,4,580.3159380094345,820.7315817801401,1142.7040499567133,1826.7687152980843
184,2007,5,560.1088987160012,799.9341717866591,1117.1437913407992,1796.0150152111798
185,2007,6,550.6651745238271,791.0812910695396,1108.6910584970358,1788.7226992363717
186,2007,7,559.1327145337125,800.8296881655465,1117.9757249530257,1799.865447254168
187,2007,8,563.922186691544,807.1797376698951,1124.7599559852424,1810.130164737493
188,2007,9,580.0308288279535,824.3466527925067,1143.92469027934,1833.4527351069428
189,2007,10,577.1064417957384,823.3785944077724,1145.677157329775,1840.7656721225112
190,2007,11,580.108052000832,827.5055808102449,1155.3088427531877,1855.6134913117935
191,2007,12,591.0701783467763,840.6691303363004,1168.3472753843953,1870.8355259542057
192,2008,1,590.484121205186,842.0722650185485,1170.236633973516,1876.9220460377724
193,2008,2,578.4414350118162,832.5018353324926,1160.6045390081215,1871.3966031416678
194,2008,3,588.8102054712853,842.9619380478642,1174.4433432383003,1887.2849047400873
195,2008,4,600.0001423372412,855.6269032789638,1183.6851831617196,1895.6691407764565
196,2008,5,601.469033035542,858.5757766768735,1180.7662349948182,1889.8747700141894
197,2008,6,602.3711816837246,860.5076373902397,1184.2513003173867,1896.507006906766
198,2008,7,610.5219215599144,869.6793437130551,1195.007643874228,1910.0763605067737
199,2008,8,613.8983164380851,874.7151993400015,1203.5091224586615,1923.9663447760868
200,2008,9,619.5838842398912,882.1629220717358,1215.3426903059217,1942.2025927891846
201,2008,10,626.7969462322858,890.543029528811,1228.3517037073873,1960.1328446228858
202,2008,11,641.0212224431862,908.2483722393225,1251.4312302117955,1993.198619113985
203,2008,12,653.7801439788841,921.4725387117826,1266.6904272555232,2009.129381206333
204,2009,1,648.210429299837,918.9067532481847,1262.2454681789775,2008.105681367078
205,2009,2,642.7109078942448,915.4119182275847,1258.781659361297,2007.879770785137
206,2009,3,656.2027264629696,931.6818739551661,1274.3593484296239,2027.2039683369956
207,2009,4,672.8968582137838,948.4075801423722,1289.9819396030052,2041.7374224623459
208,2009,5,672.7557522201488,949.637064371074,1283.6922118647894,2030.6375005873765
209,2009,6,673.269228793466,951.4779026116792,1284.8479777648927,2033.1916916312866
210,2009,7,677.16486679629,957.0783073278117,1289.6775942637032,2039.417019157879
211,2009,8,682.8242155335022,964.6800098493004,1298.466130514878,2051.0019932757696
212,2009,9,699.2923792890649,981.0525891791766,1317.4062894443903,2071.89371890098
213,2009,10,691.7801240473905,974.7739055186047,1315.0223381355195,2075.7589463244663
214,2009,11,683.978833807436,967.2977220922553,1315.2599806351855,2082.228013005528
215,2009,12,682.4976855657286,964.6393414030404,1315.4166519444757,2080.7937907682835
216,2010,1,692.6609536798485,977.9353158239825,1337.0541267077333,2118.048906277739
217,2010,2,697.3661421387484,985.581800189713,1346.1943090646175,2134.0951760840544
218,2010,3,725.4864001059007,1014.5298093498579,1377.2124503475482,2167.7721082999224
219,2010,4,717.1820631263338,1007.4119219443252,1367.024143049615,2156.2613926831195
220,2010,5,692.9235211181464,984.7540539330369,1335.43796191323,2120.2255312855914
221,2010,6,677.4665643926536,969.9607339391755,1320.9328065929428,2107.053703396963
222,2010,7,680.1999451752653,973.6612709988825,1324.271155672277,2111.171000883004
223,2010,8,683.70985248989,978.3017049707353,1330.4660785882538,2120.622008195028
224,2010,9,691.0572342320747,986.4891933893539,1341.6367332266886,2136.4568636638164
225,2010,10,699.6527640741822,996.0393369331346,1356.0013024404993,2155.065237995897
226,2010,11,704.7169498394549,1002.5939850537349,1369.3808280546039,2176.4510450613275
227,2010,12,712.7670279983886,1012.1218812868251,1378.0530266875255,2185.7890052624844
228,2011,1,717.070041420376,1020.0493575435532,1385.598735669103,2199.4317244018443
229,2011,2,720.9182362430389,1024.99577250736,1392.349211479272,2210.1658434003934
230,2011,3,714.2205600099304,1019.4432080149707,1386.9004138994821,2205.7444217592874
231,2011,4,736.8340622078352,1039.5572644519032,1403.6741834525033,2211.462540854385
232,2011,5,715.6583861379472,1020.8179040254423,1374.8997793915592,2178.730934458719
233,2011,6,700.9971377348072,1006.5062362063609,1361.7981077626628,2166.449132852813
234,2011,7,712.3853703626465,1018.0978484914485,1373.9062796499707,2178.7930030946836
235,2011,8,715.0708539252255,1021.2176226314516,1378.1360068252543,2184.73563128669
236,2011,9,723.3224971520934,1030.2038042591992,1389.7578273428571,2199.5195552667246
237,2011,10,728.8332148937537,1034.9934033258614,1401.840560546194,2215.959598889768
238,2011,11,736.7514687096108,1045.4441750106992,1420.8591951481594,2247.0535031848785
239,2011,12,755.7079556726594,1067.2231429881554,1443.4775452488493,2272.9215490721062
240,2012,1,768.4024976752019,1079.9676781404048,1459.1655905733655,2290.590149704288
241,2012,2,762.6559276876012,1077.3132811297266,1456.1704324382804,2292.3087236318197
242,2012,3,765.1112746303197,1081.161317793688,1459.486888943749,2296.450390880449
243,2012,4,763.6123765207716,1082.0364677417604,1453.4369516077304,2287.425098285474
244,2012,5,766.3773679264151,1083.6284721016075,1448.3066221648223,2274.531437047275
245,2012,6,782.7981921599048,1101.388936618069,1466.081954039156,2292.915660067574
246,2012,7,798.5045699650257,1120.0870828942548,1483.6360159480255,2313.982379400272
247,2012,8,800.2056318204757,1125.3878008222673,1488.5220030254268,2324.705202285453
248,2012,9,818.4438448409331,1144.7853160384839,1508.7341012864736,2346.2160538459802
249,2012,10,820.3257742789282,1147.9459718187795,1515.3137929755749,2357.165040643247
250,2012,11,816.8553338041645,1148.6796481874394,1521.385177240139,2371.137858521917
251,2012,12,823.9671665359198,1158.6226162083751,1529.2761405796027,2377.860330258739
252,2013,1,824.5820522219672,1161.3923819315635,1533.303870875292,2389.7975970475136
253,2013,2,823.0385062514498,1160.171125301781,1536.238219229329,2401.1786460118137
254,2013,3,838.2123852534824,1177.0840725312855,1553.2767549579194,2421.652614331272
255,2013,4,839.8834723288861,1179.9473904092927,1552.6960238872095,2419.5022341819886
256,2013,5,839.3828900533103,1179.3365451003044,1544.3749705845905,2404.4126263543517
257,2013,6,832.2821466607879,1172.9015520597686,1538.8595730820507,2400.282751767564
258,2013,7,825.4215924305878,1167.9906900071508,1532.709346263442,2395.396330862124
259,2013,8,834.5117466568539,1179.2177205165176,1544.1409307250678,2410.467953945311
260,2013,9,840.1660668734211,1186.754986644148,1553.575332369815,2425.3731736273903
261,2013,10,838.4854834008678,1186.511446434658,1559.721642792331,2439.884122520016
262,2013,11,854.7197402215021,1202.8178867686665,1586.7382639234283,2476.3570123199415
263,2013,12,867.9614764938858,1216.642579146655,1610.0959971527957,2508.4413774732075
264,2014,1,868.198649579897,1227.3597824242947,1621.232653902437,2539.765848492724
265,2014,2,869.4933491880694,1234.2934586796835,1624.448349638909,2550.6255316273355
266,2014,3,874.740455760456,1242.7492921276535,1631.4713594066045,2561.724768755532
267,2014,4,857.0292072279383,1224.9579651889649,1607.203337638586,2531.1888664953285
268,2014,5,851.724411566147,1220.207131586648,1591.6192970356633,2506.6054857040117
269,2014,6,853.471634913057,1225.086801409952,1594.7619798697924,2513.733306394499
270,2014,7,859.9658172940799,1231.8676855291649,1602.0917406336248,2521.5610043956162
271,2014,8,868.1691456555754,1242.5707761317058,1613.00194624534,2537.0549881944917
272,2014,9,881.3239321361277,1257.0396382136557,1629.5979901483902,2557.5714077915964
273,2014,10,887.1745578398588,1264.8719085398307,1643.689310576312,2579.5363124816968
274,2014,11,895.8107369227293,1272.9047090632073,1664.6203937987643,2609.8063865194467
275,2014,12,914.8131558658959,1291.890525049932,1684.5934201900877,2628.7074155001465
276,2015,1,897.2191054016411,1265.8043642437503,1667.4388554142056,2601.753951350711
277,2015,2,887.5385819074761,1256.6493826238827,1661.3053873531348,2599.145778887605
278,2015,3,903.7482257868379,1271.1468094588217,1679.1499584221085,2615.933909194147
279,2015,4,907.2486954873177,1273.129723715452,1676.7223706214847,2606.0910267675135
280,2015,5,897.9845169065563,1264.4942785714368,1656.974727092438,2577.89677104025
281,2015,6,898.778907092877,1267.6962159720044,1658.2870656686991,2582.079991369685
282,2015,7,906.170642798419,1275.8858980392265,1665.914610409679,2590.056849939426
283,2015,8,910.4076202394946,1281.3440615779123,1673.2667144395336,2601.23696100263
284,2015,9,917.5500769808433,1290.3038369619999,1685.1342365657244,2618.628807672515
285,2015,10,920.2770888812672,1295.0489280450636,1696.8550532533964,2639.2528138227485
286,2015,11,920.6554705138004,1297.638295912153,1707.722376567879,2658.656796216749
287,2015,12,938.0164009056012,1315.0817297219185,1725.7331564112958,2675.6914045576214
288,2016,1,956.1475684935338,1333.69742298644,1745.7951982551376,2698.017730745265
289,2016,2,963.1692247328814,1343.2827727033734,1756.4790919646603,2713.2077339370976
290,2016,3,959.7867954770013,1338.9305382126727,1754.1251231482916,2710.514036650535
291,2016,4,955.4398591544433,1335.1763321153617,1739.6643622761876,2686.25438264762
292,2016,5,947.9998072632517,1330.2841166407502,1718.9986756168776,2655.5731506734073
293,2016,6,937.9394707384237,1322.6156907792445,1709.553948593004,2648.464051506705
294,2016,7,935.6281088998979,1321.2376734163095,1714.3554922070562,2661.978221886129
295,2016,8,933.2307040226978,1310.9860591306388,1713.5858606417855,2654.4310078681
296,2016,9,959.5844599881513,1339.4081108680095,1742.9886066817212,2688.907804010577
297,2016,10,963.0955945960945,1346.4352254469532,1755.3361307641649,2711.6542152824886
298,2016,11,969.4292937097412,1355.672651097332,1773.439641897352,2742.497234590939
299,2016,12,979.3135203729543,1369.6135717927234,1784.9319760425255,2758.647048883943
300,2017,1,975.5265965618851,1371.5908819951374,1793.4855242621038,2780.7405204446472
301,2017,2,970.3843741250286,1373.0224641397763,1795.5466043099834,2794.068836381271
302,2017,3,981.5430873991661,1386.0413494561249,1811.207292404487,2814.0285067209293
303,2017,4,994.7583154853096,1400.2244286384923,1818.884674592818,2816.811692435629
304,2017,5,1002.8602365157976,1408.2156047252106,1820.9820282651342,2811.5743516249886
305,2017,6,1014.0228994919116,1422.1864291005518,1833.6833151319652,2828.4332864363155
306,2017,7,1035.4904371126333,1446.4697416743172,1854.3882249946137,2851.8517625162335
307,2017,8,1060.179155291907,1477.2908242239964,1883.9439263123636,2891.1985575137105
308,2017,9,1064.121165345344,1485.1851798432035,1886.5332074791413,2893.347360625942
309,2017,10,1045.6344257506357,1469.7111288865551,1889.190662321889,2918.982749960959
310,2017,11,1052.2962412618122,1475.8505781081315,1912.4314786624416,2953.8498735337253
311,2017,12,1066.575642957384,1491.5898284661787,1930.802608910998,2974.7976618796683
312,2018,1,1061.3097406129605,1490.775439582362,1930.7805428172533,2983.180801038883
313,2018,2,1041.8389458455388,1472.8609025750588,1912.7642368175682,2968.666941301127
314,2018,3,1054.5397793008449,1482.7503745998283,1926.4217644755054,2979.640261454963
315,2018,4,1052.932178444069,1482.4567239092046,1916.6107368020184,2963.538565014387
316,2018,5,1042.3887466133435,1472.6163160520296,1899.9041740461807,2940.6841035787165
317,2018,6,1043.41483631729,1476.8620801154664,1905.820446225503,2952.5163405014164
318,2018,7,1053.2815404479536,1492.2560209621336,1916.693895270991,2969.470637336094
319,2018,8,1073.6903796786671,1516.6209850942696,1941.0106344570504,3001.1652325320856
320,2018,9,1077.6489252344297,1522.459327584649,1952.1242228647325,3019.6747620604347
321,2018,10,1072.3599960618012,1513.592689174889,1956.3417023282493,3027.297751625002
322,2018,11,1090.1708344903996,1530.5587484096493,1983.7537153419805,3061.765605795235
323,2018,12,1113.2323505318031,1556.237057670072,2008.7081399670283,3089.368388775283
324,2019,1,1120.4357784335389,1568.0674951287285,2017.345108137371,3103.773802884827
325,2019,2,1103.0062407908997,1554.1154445834159,2002.959167529753,3095.543890337669
326,2019,3,1110.497062820705,1562.7233627549733,2012.937104358953,3108.181688224812
327,2019,4,1117.3986879802005,1569.357037801468,2014.7177073027594,3104.5702551832765
328,2019,5,1109.5209052938776,1562.260309750859,1997.4008111194953,3079.615502847242
329,2019,6,1100.2920884505663,1552.414593308126,1986.4849057938575,3067.005515627704
330,2019,7,1117.0932077111431,1568.9584079493359,2003.2187214664996,3083.193548598735
331,2019,8,1105.8669334786468,1560.1837674605274,1995.6253192544232,3081.0964754622437
332,2019,9,1105.3939467261819,1561.3323543311253,1999.8423975216842,3091.8447989108854
333,2019,10,1105.7994025378846,1561.588957074634,2010.9090277455957,3111.356433592682
334,2019,11,1117.7895518838147,1576.0569011394937,2036.9672186501864,3150.5973200417097
335,2019,12,1134.6432876118943,1598.5189584363445,2056.846960047005,3176.9498912158733
336,2020,1,1149.1775074464513,1615.2094348942599,2071.9030639253947,3195.4326294999737
337,2020,2,1157.3346751662236,1623.1895085338715,2082.1434731135832,3207.020680764451
338,2020,3,1169.8912787276945,1637.0695252854314,2097.1444949881034,3224.798253038131
339,2020,4,1165.595309479941,1632.5128853987203,2086.666826022292,3208.3554970818527
340,2020,5,1179.7470116078584,1649.6458660641458,2089.9330140525753,3204.1641050827106
341,2020,6,1170.9188813817154,1640.0035117942514,2086.5709775955615,3202.640941305979
342,2020,7,1179.1193547245741,1648.0764385223088,2099.4712237596286,3217.820046678652
343,2020,8,1192.0552026338603,1661.3901927107934,2116.6188744660594,3238.643906701786
344,2020,9,1202.0502360665373,1671.3764588109245,2130.236188184187,3255.5964468699094
345,2020,10,1212.3258865288228,1681.6143519404468,2150.244657400117,3283.3260264150695
346,2020,11,1206.2445824754957,1676.1100245067257,2153.822382209053,3295.727006983175
347,2020,12,1194.3145098264365,1666.2403003128939,2148.1870669845503,3295.6278897865823
348,2021,1,1201.8747665359278,1679.691116101443,2163.0369606509594,3320.8616240929696
349,2021,2,1200.8870254671006,1681.4672318598,2167.387572079895,3331.0774386649914
350,2021,3,1212.6852783705297,1693.3753213203192,2186.0708442498367,3353.5452981300823
351,2021,4,1229.43116888646,1710.4412488604423,2197.842168950332,3360.435950495892
352,2021,5,1245.70677717384,1730.8459165776114,2203.6860406902206,3360.9296306208425
353,2021,6,1256.3447261906222,1745.204663493841,2219.4178570146923,3383.0344458357704
354,2021,7,1269.0769120682942,1761.2288444707513,2238.577858458827,3408.736251128342
